Created On,Req Delivery date,Delivered date,Sales type,Customer,Ship to,Plant,Ship point,Route,Materials,Orders received,Orders delivered,Sales doc
02-09-2021,02-11-2021,02-11-2021,ZSAM,Customer D,Bangalore,Plant 4,Chennai,Air,Hygiene,20,20,10001
03-22-2021,03-28-2021,03-28-2021,ZCP,Customer C,Pune,Plant 3,Bangalore,Road,Cold drinks,12,12,10002
01-20-2021,01-20-2021,01-20-2021,ZSAM,Customer E,Hyderabad,Plant 2,Mumbai,Road,Hygiene,10,10,10003
03-24-2021,03-29-2021,03-26-2021,ZCP,Customer D,Bangalore,Plant 4,Chennai,Road,Cereals,4,4,10004
02-15-2021,02-24-2021,02-24-2021,ZCP,Customer A,Delhi,Plant 2,Mumbai,Road,Food grains,20,20,10005
02-03-2021,02-04-2021,02-01-2021,ZAM,Customer E,Hyderabad,Plant 3,Bangalore,Road,Fruits,12,12,10006
03-22-2021,03-22-2021,03-21-2021,ZAM,Customer A,Delhi,Plant 2,Mumbai,Rail,Cold drinks,12,12,10007
03-23-2021,03-25-2021,03-23-2021,ZOR,Customer D,Bangalore,Plant 3,Bangalore,Rail,Eggs,5,5,10008
01-15-2021,01-22-2021,01-22-2021,ZOR,Customer D,Bangalore,Plant 3,Bangalore,Road,Cold drinks,12,12,10009
03-19-2021,03-19-2021,03-19-2021,ZCP,Customer D,Bangalore,Plant 3,Bangalore,Rail,Cereals,4,4,10010
01-16-2021,01-24-2021,01-24-2021,ZAM,Customer F,Chennai,Plant 4,Chennai,Air,Hygiene,2,2,10011
02-08-2021,02-16-2021,02-15-2021,ZAM,Customer D,Bangalore,Plant 3,Bangalore,Rail,Cold drinks,5,5,10012
01-25-2021,01-28-2021,01-28-2021,ZSAM,Customer F,Chennai,Plant 4,Chennai,Road,Dairy,12,12,10013
01-28-2021,02-01-2021,02-01-2021,ZOR,Customer A,Delhi,Plant 2,Mumbai,Road,Cereals,4,4,10014
02-22-2021,02-24-2021,02-24-2021,ZSAM,Customer B,Mumbai,Plant 2,Mumbai,Road,Eggs,30,30,10015
01-05-2021,01-07-2021,01-07-2021,ZSAM,Customer B,Mumbai,Plant 2,Mumbai,Rail,Eggs,4,4,10016
03-29-2021,04-05-2021,04-05-2021,ZOR,Customer D,Bangalore,Plant 4,Chennai,Rail,Pet Care,5,5,10017
03-13-2021,03-20-2021,03-20-2021,ZCP,Customer E,Hyderabad,Plant 4,Chennai,Road,Dairy,4,4,10018
03-02-2021,03-11-2021,03-08-2021,ZSAM,Customer D,Bangalore,Plant 3,Bangalore,Road,Eggs,20,20,10019
02-11-2021,02-12-2021,02-12-2021,ZAM,Customer C,Pune,Plant 4,Chennai,Road,Cereals,15,15,10020
02-10-2021,02-10-2021,02-10-2021,ZCP,Customer C,Pune,Plant 4,Chennai,Rail,Cold drinks,5,5,10021
03-29-2021,04-02-2021,04-01-2021,ZSAM,Customer C,Pune,Plant 2,Mumbai,Road,Baby Care,2,2,10022
01-10-2021,01-11-2021,01-10-2021,ZAM,Customer A,Delhi,Plant 4,Chennai,Rail,Cereals,12,12,10023
03-13-2021,03-17-2021,03-17-2021,ZCP,Customer A,Delhi,Plant 2,Mumbai,Road,Eggs,15,15,10024
03-28-2021,04-05-2021,04-05-2021,ZCP,Customer C,Pune,Plant 3,Bangalore,Rail,Baby Care,20,20,10025
01-07-2021,01-09-2021,01-09-2021,ZAM,Customer B,Mumbai,Plant 2,Mumbai,Road,Cold drinks,5,5,10026
03-21-2021,03-29-2021,03-26-2021,ZAM,Customer B,Mumbai,Plant 2,Mumbai,Road,Dairy,2,2,10027
01-19-2021,01-27-2021,01-27-2021,ZSAM,Customer E,Hyderabad,Plant 3,Bangalore,Road,Hygiene,2,2,10028
03-04-2021,03-11-2021,03-11-2021,ZCP,Customer B,Mumbai,Plant 2,Mumbai,Road,Food grains,15,15,10029
02-06-2021,02-08-2021,02-08-2021,ZSAM,Customer A,Delhi,Plant 3,Bangalore,Rail,Baby Care,10,10,10030
03-17-2021,03-26-2021,03-25-2021,ZCP,Customer B,Mumbai,Plant 4,Chennai,Road,Fruits,20,20,10031
02-11-2021,02-11-2021,02-11-2021,ZAM,Customer A,Delhi,Plant 3,Bangalore,Road,Hygiene,2,2,10032
01-21-2021,01-23-2021,01-23-2021,ZCP,Customer B,Mumbai,Plant 2,Mumbai,Rail,Vegetables,20,20,10033
03-26-2021,04-04-2021,04-04-2021,ZSAM,Customer D,Bangalore,Plant 2,Mumbai,Road,Fruits,15,15,10034
02-21-2021,02-22-2021,02-21-2021,ZCP,Customer A,Delhi,Plant 1,Delhi,Rail,Baby Care,20,20,10035
02-11-2021,02-11-2021,02-11-2021,ZSAM,Customer C,Pune,Plant 1,Delhi,Rail,Vegetables,4,4,10036
03-03-2021,03-04-2021,03-04-2021,ZSAM,Customer A,Delhi,Plant 2,Mumbai,Rail,Cereals,4,4,10037
02-28-2021,03-03-2021,03-03-2021,ZCP,Customer D,Bangalore,Plant 3,Bangalore,Road,Food grains,5,5,10038
02-08-2021,02-11-2021,02-09-2021,ZSAM,Customer A,Delhi,Plant 2,Mumbai,Road,Fruits,10,10,10039
01-24-2021,02-01-2021,02-01-2021,ZCP,Customer F,Chennai,Plant 3,Bangalore,Road,Dairy,2,2,10040
02-06-2021,02-09-2021,02-09-2021,ZAM,Customer B,Mumbai,Plant 3,Bangalore,Road,Dairy,20,20,10041
02-18-2021,02-27-2021,02-27-2021,ZOR,Customer C,Pune,Plant 2,Mumbai,Road,Cold drinks,5,5,10042
03-13-2021,03-20-2021,03-20-2021,ZSAM,Customer E,Hyderabad,Plant 4,Chennai,Road,Cereals,12,12,10043
01-03-2021,01-10-2021,01-10-2021,ZAM,Customer F,Chennai,Plant 3,Bangalore,Road,Vegetables,12,12,10044
03-06-2021,03-12-2021,03-12-2021,ZSAM,Customer F,Chennai,Plant 4,Chennai,Rail,Dairy,20,20,10045
03-28-2021,03-29-2021,03-29-2021,ZSAM,Customer C,Pune,Plant 2,Mumbai,Rail,Vegetables,12,12,10046
02-05-2021,02-10-2021,02-10-2021,ZAM,Customer A,Delhi,Plant 3,Bangalore,Road,Eggs,10,10,10047
03-22-2021,03-30-2021,03-27-2021,ZCP,Customer C,Pune,Plant 2,Mumbai,Road,Baby Care,4,4,10048
03-30-2021,04-03-2021,04-03-2021,ZCP,Customer C,Pune,Plant 3,Bangalore,Air,Baby Care,2,2,10049
03-26-2021,04-01-2021,04-01-2021,ZSAM,Customer D,Bangalore,Plant 4,Chennai,Road,Food grains,5,5,10050
02-24-2021,03-03-2021,03-03-2021,ZAM,Customer C,Pune,Plant 3,Bangalore,Rail,Fruits,12,12,10051
02-20-2021,02-21-2021,02-20-2021,ZAM,Customer E,Hyderabad,Plant 4,Chennai,Road,Vegetables,2,2,10052
03-05-2021,03-12-2021,03-12-2021,ZAM,Customer C,Pune,Plant 3,Bangalore,Road,Cold drinks,20,20,10053
01-17-2021,01-25-2021,01-25-2021,ZSAM,Customer F,Chennai,Plant 2,Mumbai,Rail,Food grains,12,12,10054
03-16-2021,03-22-2021,03-22-2021,ZAM,Customer F,Chennai,Plant 4,Chennai,Road,Dairy,10,10,10055
02-12-2021,02-17-2021,02-15-2021,ZSAM,Customer E,Hyderabad,Plant 3,Bangalore,Rail,Dairy,2,2,10056
01-05-2021,01-11-2021,01-11-2021,ZSAM,Customer C,Pune,Plant 2,Mumbai,Road,Hygiene,12,12,10057
02-27-2021,03-01-2021,02-28-2021,ZCP,Customer C,Pune,Plant 2,Mumbai,Road,Vegetables,15,15,10058
03-08-2021,03-12-2021,03-10-2021,ZAM,Customer C,Pune,Plant 3,Bangalore,Road,Eggs,15,15,10059
01-22-2021,01-26-2021,01-25-2021,ZAM,Customer B,Mumbai,Plant 1,Delhi,Road,Cereals,30,30,10060
02-15-2021,02-18-2021,02-18-2021,ZAM,Customer D,Bangalore,Plant 1,Delhi,Air,Hygiene,2,2,10061
01-14-2021,01-21-2021,01-21-2021,ZCP,Customer A,Delhi,Plant 2,Mumbai,Road,Dairy,2,2,10062
03-09-2021,03-17-2021,03-17-2021,ZSAM,Customer D,Bangalore,Plant 3,Bangalore,Road,Hygiene,30,30,10063
02-01-2021,02-09-2021,02-09-2021,ZSAM,Customer B,Mumbai,Plant 3,Bangalore,Road,Cereals,5,5,10064
01-10-2021,01-11-2021,01-11-2021,ZCP,Customer E,Hyderabad,Plant 3,Bangalore,Road,Food grains,10,10,10065
03-25-2021,03-25-2021,03-22-2021,ZCP,Customer A,Delhi,Plant 2,Mumbai,Rail,Baby Care,30,30,10066
02-13-2021,02-19-2021,02-16-2021,ZOR,Customer B,Mumbai,Plant 3,Bangalore,Road,Cold drinks,2,2,10067
01-19-2021,01-22-2021,01-22-2021,ZSAM,Customer D,Bangalore,Plant 4,Chennai,Rail,Cereals,10,10,10068
02-07-2021,02-10-2021,02-09-2021,ZSAM,Customer E,Hyderabad,Plant 3,Bangalore,Road,Cereals,10,10,10069
02-16-2021,02-18-2021,02-18-2021,ZCP,Customer A,Delhi,Plant 3,Bangalore,Road,Dairy,12,12,10070
01-04-2021,01-08-2021,01-08-2021,ZAM,Customer E,Hyderabad,Plant 2,Mumbai,Road,Food grains,30,30,10071
03-09-2021,03-16-2021,03-15-2021,ZSAM,Customer B,Mumbai,Plant 4,Chennai,Rail,Cereals,12,12,10072
02-22-2021,03-03-2021,03-03-2021,ZSAM,Customer A,Delhi,Plant 3,Bangalore,Road,Eggs,15,15,10073
02-13-2021,02-15-2021,02-14-2021,ZSAM,Customer B,Mumbai,Plant 4,Chennai,Road,Food grains,2,2,10074
03-26-2021,03-30-2021,03-30-2021,ZAM,Customer F,Chennai,Plant 1,Delhi,Road,Dairy,4,4,10075
01-22-2021,01-23-2021,01-22-2021,ZSAM,Customer C,Pune,Plant 2,Mumbai,Rail,Hygiene,2,2,10076
03-16-2021,03-23-2021,03-22-2021,ZCP,Customer B,Mumbai,Plant 4,Chennai,Air,Hygiene,15,15,10077
03-20-2021,03-21-2021,03-21-2021,ZSAM,Customer C,Pune,Plant 2,Mumbai,Rail,Baby Care,5,5,10078
02-21-2021,02-28-2021,02-28-2021,ZOR,Customer C,Pune,Plant 2,Mumbai,Road,Hygiene,15,15,10079
02-28-2021,03-08-2021,03-08-2021,ZAM,Customer A,Delhi,Plant 2,Mumbai,Road,Eggs,12,12,10080
03-30-2021,04-05-2021,04-05-2021,ZCP,Customer D,Bangalore,Plant 1,Delhi,Road,Eggs,12,12,10081
03-07-2021,03-10-2021,03-10-2021,ZAM,Customer F,Chennai,Plant 4,Chennai,Rail,Cereals,15,15,10082
01-06-2021,01-15-2021,01-15-2021,ZSAM,Customer F,Chennai,Plant 3,Bangalore,Air,Cereals,20,20,10083
03-11-2021,03-11-2021,03-10-2021,ZSAM,Customer C,Pune,Plant 3,Bangalore,Road,Hygiene,4,4,10084
03-07-2021,03-08-2021,03-08-2021,ZCP,Customer E,Hyderabad,Plant 3,Bangalore,Rail,Hygiene,2,2,10085
03-06-2021,03-06-2021,03-06-2021,ZOR,Customer D,Bangalore,Plant 4,Chennai,Rail,Fruits,20,20,10086
01-10-2021,01-16-2021,01-16-2021,ZSAM,Customer D,Bangalore,Plant 2,Mumbai,Road,Cold drinks,30,30,10087
03-22-2021,03-28-2021,03-27-2021,ZCP,Customer C,Pune,Plant 2,Mumbai,Road,Dairy,15,15,10088
01-13-2021,01-17-2021,01-17-2021,ZOR,Customer D,Bangalore,Plant 3,Bangalore,Rail,Dairy,30,30,10089
03-01-2021,03-05-2021,03-05-2021,ZAM,Customer C,Pune,Plant 3,Bangalore,Road,Dairy,4,4,10090
02-22-2021,02-24-2021,02-24-2021,ZSAM,Customer A,Delhi,Plant 4,Chennai,Rail,Cold drinks,2,2,10091
03-03-2021,03-10-2021,03-10-2021,ZAM,Customer B,Mumbai,Plant 3,Bangalore,Road,Fruits,15,15,10092
01-15-2021,01-19-2021,01-19-2021,ZCP,Customer D,Bangalore,Plant 2,Mumbai,Road,Dairy,5,5,10093
01-09-2021,01-11-2021,01-10-2021,ZSAM,Customer C,Pune,Plant 2,Mumbai,Road,Food grains,15,15,10094
01-14-2021,01-14-2021,01-14-2021,ZAM,Customer C,Pune,Plant 2,Mumbai,Rail,Pet Care,5,5,10095
03-06-2021,03-11-2021,03-11-2021,ZCP,Customer C,Pune,Plant 3,Bangalore,Road,Baby Care,10,10,10096
02-27-2021,03-04-2021,03-03-2021,ZCP,Customer D,Bangalore,Plant 1,Delhi,Rail,Baby Care,12,12,10097
02-23-2021,03-02-2021,03-02-2021,ZOR,Customer D,Bangalore,Plant 2,Mumbai,Road,Food grains,12,12,10098
02-16-2021,02-19-2021,02-19-2021,ZSAM,Customer E,Hyderabad,Plant 2,Mumbai,Rail,Eggs,12,12,10099
03-19-2021,03-26-2021,03-24-2021,ZCP,Customer B,Mumbai,Plant 2,Mumbai,Rail,Cold drinks,2,2,10100
01-13-2021,01-20-2021,01-20-2021,ZSAM,Customer C,Pune,Plant 2,Mumbai,Road,Dairy,5,5,10101
03-07-2021,03-16-2021,03-13-2021,ZCP,Customer A,Delhi,Plant 3,Bangalore,Road,Eggs,2,2,10102
03-07-2021,03-08-2021,03-08-2021,ZOR,Customer B,Mumbai,Plant 3,Bangalore,Road,Vegetables,20,20,10103
01-05-2021,01-10-2021,01-10-2021,ZAM,Customer D,Bangalore,Plant 2,Mumbai,Road,Cold drinks,12,12,10104
03-19-2021,03-22-2021,03-20-2021,ZCP,Customer E,Hyderabad,Plant 2,Mumbai,Road,Hygiene,12,12,10105
01-22-2021,01-29-2021,01-28-2021,ZSAM,Customer D,Bangalore,Plant 2,Mumbai,Rail,Fruits,10,10,10106
03-21-2021,03-28-2021,03-28-2021,ZAM,Customer F,Chennai,Plant 3,Bangalore,Rail,Dairy,4,4,10107
01-16-2021,01-16-2021,01-16-2021,ZOR,Customer D,Bangalore,Plant 2,Mumbai,Road,Cold drinks,12,12,10108
01-30-2021,02-04-2021,02-04-2021,ZOR,Customer D,Bangalore,Plant 1,Delhi,Road,Cold drinks,2,2,10109
03-13-2021,03-21-2021,03-20-2021,ZCP,Customer C,Pune,Plant 4,Chennai,Rail,Cold drinks,10,10,10110
02-20-2021,02-23-2021,02-23-2021,ZOR,Customer D,Bangalore,Plant 3,Bangalore,Road,Pet Care,30,30,10111
03-30-2021,04-02-2021,04-02-2021,ZOR,Customer D,Bangalore,Plant 3,Bangalore,Road,Dairy,4,4,10112
02-02-2021,02-03-2021,02-03-2021,ZCP,Customer D,Bangalore,Plant 2,Mumbai,Road,Cereals,4,4,10113
01-17-2021,01-21-2021,01-21-2021,ZAM,Customer C,Pune,Plant 1,Delhi,Road,Pet Care,12,12,10114
01-30-2021,02-07-2021,02-07-2021,ZOR,Customer A,Delhi,Plant 2,Mumbai,Road,Cold drinks,12,12,10115
03-29-2021,04-07-2021,04-07-2021,ZCP,Customer C,Pune,Plant 3,Bangalore,Rail,Eggs,20,20,10116
03-11-2021,03-14-2021,03-14-2021,ZAM,Customer C,Pune,Plant 2,Mumbai,Road,Cereals,12,12,10117
03-26-2021,03-26-2021,03-26-2021,ZCP,Customer B,Mumbai,Plant 2,Mumbai,Road,Cereals,12,12,10118
01-19-2021,01-22-2021,01-21-2021,ZAM,Customer D,Bangalore,Plant 1,Delhi,Road,Food grains,5,5,10119
01-19-2021,01-27-2021,01-27-2021,ZAM,Customer C,Pune,Plant 3,Bangalore,Road,Cereals,12,12,10120
01-10-2021,01-19-2021,01-19-2021,ZCP,Customer B,Mumbai,Plant 4,Chennai,Air,Hygiene,20,20,10121
03-28-2021,03-30-2021,03-30-2021,ZCP,Customer D,Bangalore,Plant 1,Delhi,Rail,Baby Care,2,2,10122
03-12-2021,03-17-2021,03-17-2021,ZCP,Customer F,Chennai,Plant 2,Mumbai,Road,Cereals,20,20,10123
02-01-2021,02-03-2021,02-03-2021,ZCP,Customer B,Mumbai,Plant 1,Delhi,Road,Food grains,5,5,10124
02-15-2021,02-17-2021,02-17-2021,ZAM,Customer B,Mumbai,Plant 4,Chennai,Road,Dairy,12,12,10125
03-20-2021,03-26-2021,03-25-2021,ZCP,Customer C,Pune,Plant 2,Mumbai,Road,Cereals,10,10,10126
01-15-2021,01-18-2021,01-18-2021,ZCP,Customer F,Chennai,Plant 2,Mumbai,Rail,Vegetables,2,2,10127
02-15-2021,02-19-2021,02-19-2021,ZSAM,Customer B,Mumbai,Plant 4,Chennai,Road,Cereals,12,12,10128
02-04-2021,02-06-2021,02-06-2021,ZSAM,Customer F,Chennai,Plant 4,Chennai,Rail,Hygiene,10,10,10129
02-15-2021,02-24-2021,02-24-2021,ZCP,Customer C,Pune,Plant 4,Chennai,Road,Baby Care,5,5,10130
01-20-2021,01-28-2021,01-27-2021,ZSAM,Customer B,Mumbai,Plant 4,Chennai,Road,Dairy,12,12,10131
03-29-2021,03-30-2021,03-30-2021,ZSAM,Customer A,Delhi,Plant 2,Mumbai,Road,Cereals,12,12,10132
01-23-2021,01-26-2021,01-26-2021,ZCP,Customer D,Bangalore,Plant 2,Mumbai,Road,Dairy,10,10,10133
03-15-2021,03-17-2021,03-15-2021,ZCP,Customer D,Bangalore,Plant 4,Chennai,Road,Hygiene,12,12,10134
01-11-2021,01-17-2021,01-17-2021,ZAM,Customer C,Pune,Plant 1,Delhi,Air,Dairy,4,4,10135
02-13-2021,02-18-2021,02-18-2021,ZCP,Customer D,Bangalore,Plant 3,Bangalore,Rail,Vegetables,12,12,10136
02-02-2021,02-04-2021,02-02-2021,ZSAM,Customer F,Chennai,Plant 1,Delhi,Rail,Dairy,5,5,10137
03-24-2021,03-24-2021,03-23-2021,ZOR,Customer D,Bangalore,Plant 4,Chennai,Road,Cereals,15,15,10138
01-11-2021,01-13-2021,01-11-2021,ZOR,Customer C,Pune,Plant 1,Delhi,Rail,Dairy,10,10,10139
01-07-2021,01-16-2021,01-16-2021,ZSAM,Customer E,Hyderabad,Plant 3,Bangalore,Air,Cereals,2,2,10140
03-30-2021,04-02-2021,04-02-2021,ZCP,Customer E,Hyderabad,Plant 4,Chennai,Road,Baby Care,5,5,10141
02-24-2021,02-28-2021,02-28-2021,ZOR,Customer C,Pune,Plant 3,Bangalore,Road,Pet Care,12,12,10142
02-02-2021,02-08-2021,02-08-2021,ZOR,Customer F,Chennai,Plant 4,Chennai,Rail,Dairy,12,12,10143
01-20-2021,01-22-2021,01-22-2021,ZAM,Customer A,Delhi,Plant 2,Mumbai,Road,Cereals,30,30,10144
02-21-2021,02-27-2021,02-27-2021,ZOR,Customer F,Chennai,Plant 2,Mumbai,Road,Fruits,2,2,10145
01-05-2021,01-09-2021,01-07-2021,ZOR,Customer B,Mumbai,Plant 2,Mumbai,Rail,Dairy,5,5,10146
02-23-2021,02-26-2021,02-23-2021,ZCP,Customer F,Chennai,Plant 4,Chennai,Rail,Vegetables,12,12,10147
03-10-2021,03-17-2021,03-17-2021,ZCP,Customer C,Pune,Plant 2,Mumbai,Road,Pet Care,12,12,10148
01-18-2021,01-21-2021,01-20-2021,ZAM,Customer D,Bangalore,Plant 3,Bangalore,Road,Hygiene,10,10,10149
02-12-2021,02-19-2021,02-16-2021,ZCP,Customer B,Mumbai,Plant 3,Bangalore,Rail,Dairy,4,4,10150
03-08-2021,03-11-2021,03-09-2021,ZSAM,Customer D,Bangalore,Plant 3,Bangalore,Rail,Cereals,20,20,10151
02-13-2021,02-15-2021,02-15-2021,ZAM,Customer A,Delhi,Plant 4,Chennai,Road,Dairy,10,10,10152
02-26-2021,03-02-2021,02-27-2021,ZAM,Customer B,Mumbai,Plant 3,Bangalore,Rail,Cold drinks,20,20,10153
01-30-2021,02-03-2021,02-03-2021,ZSAM,Customer E,Hyderabad,Plant 2,Mumbai,Rail,Fruits,4,4,10154
03-25-2021,04-03-2021,04-03-2021,ZCP,Customer C,Pune,Plant 2,Mumbai,Road,Dairy,15,15,10155
03-29-2021,03-29-2021,03-28-2021,ZSAM,Customer D,Bangalore,Plant 1,Delhi,Road,Cold drinks,5,5,10156
02-27-2021,02-27-2021,02-27-2021,ZSAM,Customer B,Mumbai,Plant 2,Mumbai,Road,Baby Care,2,2,10157
03-10-2021,03-13-2021,03-13-2021,ZSAM,Customer F,Chennai,Plant 2,Mumbai,Road,Dairy,30,30,10158
01-17-2021,01-24-2021,01-24-2021,ZCP,Customer F,Chennai,Plant 3,Bangalore,Air,Cereals,5,5,10159
03-17-2021,03-18-2021,03-17-2021,ZCP,Customer C,Pune,Plant 2,Mumbai,Road,Cold drinks,12,12,10160
02-10-2021,02-13-2021,02-13-2021,ZSAM,Customer C,Pune,Plant 1,Delhi,Road,Dairy,2,2,10161
01-05-2021,01-13-2021,01-11-2021,ZCP,Customer E,Hyderabad,Plant 2,Mumbai,Rail,Fruits,5,5,10162
02-08-2021,02-15-2021,02-15-2021,ZCP,Customer C,Pune,Plant 3,Bangalore,Road,Baby Care,12,12,10163
02-05-2021,02-08-2021,02-08-2021,ZSAM,Customer B,Mumbai,Plant 2,Mumbai,Air,Eggs,15,15,10164
01-19-2021,01-25-2021,01-23-2021,ZCP,Customer B,Mumbai,Plant 2,Mumbai,Road,Cereals,30,30,10165
02-25-2021,02-25-2021,02-25-2021,ZSAM,Customer A,Delhi,Plant 4,Chennai,Rail,Pet Care,30,30,10166
03-17-2021,03-22-2021,03-22-2021,ZSAM,Customer C,Pune,Plant 1,Delhi,Road,Food grains,5,5,10167
01-24-2021,01-25-2021,01-25-2021,ZAM,Customer B,Mumbai,Plant 4,Chennai,Air,Dairy,30,30,10168
02-12-2021,02-19-2021,02-19-2021,ZCP,Customer B,Mumbai,Plant 3,Bangalore,Road,Eggs,2,2,10169
01-03-2021,01-07-2021,01-06-2021,ZCP,Customer D,Bangalore,Plant 2,Mumbai,Road,Cereals,12,12,10170
02-14-2021,02-15-2021,02-15-2021,ZSAM,Customer B,Mumbai,Plant 3,Bangalore,Rail,Dairy,30,30,10171
03-23-2021,03-23-2021,03-23-2021,ZCP,Customer D,Bangalore,Plant 4,Chennai,Rail,Hygiene,2,2,10172
02-22-2021,03-01-2021,03-01-2021,ZCP,Customer A,Delhi,Plant 2,Mumbai,Road,Cereals,20,20,10173
02-20-2021,02-25-2021,02-25-2021,ZOR,Customer D,Bangalore,Plant 3,Bangalore,Road,Cereals,30,30,10174
02-14-2021,02-15-2021,02-13-2021,ZSAM,Customer E,Hyderabad,Plant 2,Mumbai,Road,Cereals,5,5,10175
02-22-2021,03-02-2021,03-02-2021,ZCP,Customer C,Pune,Plant 2,Mumbai,Road,Food grains,20,20,10176
02-05-2021,02-08-2021,02-08-2021,ZAM,Customer C,Pune,Plant 3,Bangalore,Road,Dairy,2,2,10177
03-14-2021,03-20-2021,03-18-2021,ZCP,Customer B,Mumbai,Plant 4,Chennai,Road,Cold drinks,12,12,10178
03-21-2021,03-21-2021,03-21-2021,ZOR,Customer D,Bangalore,Plant 2,Mumbai,Road,Dairy,12,12,10179
02-27-2021,03-02-2021,03-01-2021,ZAM,Customer C,Pune,Plant 1,Delhi,Road,Eggs,10,10,10180
03-02-2021,03-03-2021,03-03-2021,ZCP,Customer D,Bangalore,Plant 4,Chennai,Road,Hygiene,30,30,10181
02-06-2021,02-13-2021,02-13-2021,ZSAM,Customer C,Pune,Plant 3,Bangalore,Road,Cold drinks,2,2,10182
01-28-2021,01-29-2021,01-29-2021,ZSAM,Customer B,Mumbai,Plant 4,Chennai,Rail,Hygiene,5,5,10183
01-12-2021,01-20-2021,01-19-2021,ZSAM,Customer B,Mumbai,Plant 3,Bangalore,Road,Dairy,12,12,10184
03-16-2021,03-19-2021,03-19-2021,ZCP,Customer C,Pune,Plant 4,Chennai,Road,Fruits,4,4,10185
01-10-2021,01-19-2021,01-19-2021,ZAM,Customer D,Bangalore,Plant 3,Bangalore,Road,Hygiene,20,20,10186
01-25-2021,02-01-2021,02-01-2021,ZCP,Customer A,Delhi,Plant 3,Bangalore,Air,Eggs,12,12,10187
01-30-2021,02-03-2021,02-03-2021,ZCP,Customer C,Pune,Plant 2,Mumbai,Road,Cereals,10,10,10188
03-24-2021,03-30-2021,03-30-2021,ZCP,Customer F,Chennai,Plant 2,Mumbai,Road,Dairy,15,15,10189
01-13-2021,01-14-2021,01-14-2021,ZSAM,Customer A,Delhi,Plant 1,Delhi,Road,Pet Care,15,15,10190
03-03-2021,03-11-2021,03-08-2021,ZOR,Customer C,Pune,Plant 4,Chennai,Rail,Cereals,5,5,10191
03-06-2021,03-12-2021,03-11-2021,ZSAM,Customer B,Mumbai,Plant 3,Bangalore,Road,Cereals,5,5,10192
02-21-2021,03-02-2021,02-27-2021,ZCP,Customer C,Pune,Plant 3,Bangalore,Road,Eggs,4,4,10193
03-10-2021,03-13-2021,03-12-2021,ZSAM,Customer E,Hyderabad,Plant 1,Delhi,Road,Vegetables,12,12,10194
03-10-2021,03-11-2021,03-08-2021,ZCP,Customer E,Hyderabad,Plant 2,Mumbai,Rail,Dairy,5,5,10195
02-20-2021,02-20-2021,02-20-2021,ZOR,Customer C,Pune,Plant 2,Mumbai,Road,Cereals,2,2,10196
03-15-2021,03-17-2021,03-16-2021,ZCP,Customer C,Pune,Plant 3,Bangalore,Road,Cereals,5,5,10197
03-22-2021,03-30-2021,03-28-2021,ZSAM,Customer C,Pune,Plant 3,Bangalore,Rail,Cold drinks,15,15,10198
02-22-2021,02-23-2021,02-23-2021,ZCP,Customer A,Delhi,Plant 1,Delhi,Rail,Baby Care,12,12,10199
01-31-2021,02-07-2021,02-06-2021,ZCP,Customer D,Bangalore,Plant 3,Bangalore,Rail,Fruits,4,4,10200
02-11-2021,02-13-2021,02-12-2021,ZOR,Customer D,Bangalore,Plant 2,Mumbai,Road,Cold drinks,30,30,10201
02-03-2021,02-03-2021,02-03-2021,ZCP,Customer A,Delhi,Plant 3,Bangalore,Air,Fruits,2,2,10202
02-13-2021,02-14-2021,02-14-2021,ZOR,Customer C,Pune,Plant 3,Bangalore,Road,Eggs,4,4,10203
02-23-2021,02-25-2021,02-25-2021,ZSAM,Customer D,Bangalore,Plant 2,Mumbai,Rail,Cold drinks,4,4,10204
02-13-2021,02-18-2021,02-15-2021,ZAM,Customer C,Pune,Plant 3,Bangalore,Road,Baby Care,2,2,10205
02-11-2021,02-16-2021,02-16-2021,ZOR,Customer C,Pune,Plant 4,Chennai,Road,Eggs,2,2,10206
03-14-2021,03-22-2021,03-22-2021,ZSAM,Customer C,Pune,Plant 3,Bangalore,Road,Hygiene,5,5,10207
01-05-2021,01-13-2021,01-13-2021,ZOR,Customer A,Delhi,Plant 4,Chennai,Road,Cold drinks,15,15,10208
03-17-2021,03-20-2021,03-19-2021,ZCP,Customer C,Pune,Plant 1,Delhi,Road,Food grains,30,30,10209
03-29-2021,04-03-2021,04-03-2021,ZCP,Customer C,Pune,Plant 2,Mumbai,Road,Dairy,10,10,10210
03-08-2021,03-12-2021,03-10-2021,ZSAM,Customer B,Mumbai,Plant 3,Bangalore,Road,Dairy,2,2,10211
03-26-2021,03-30-2021,03-29-2021,ZSAM,Customer D,Bangalore,Plant 3,Bangalore,Road,Dairy,5,5,10212
03-05-2021,03-10-2021,03-09-2021,ZCP,Customer B,Mumbai,Plant 4,Chennai,Road,Dairy,30,30,10213
03-21-2021,03-24-2021,03-23-2021,ZCP,Customer C,Pune,Plant 4,Chennai,Road,Baby Care,12,12,10214
02-05-2021,02-08-2021,02-07-2021,ZCP,Customer E,Hyderabad,Plant 2,Mumbai,Road,Baby Care,10,10,10215
03-01-2021,03-04-2021,03-04-2021,ZSAM,Customer D,Bangalore,Plant 1,Delhi,Rail,Dairy,12,12,10216
02-10-2021,02-11-2021,02-10-2021,ZCP,Customer A,Delhi,Plant 2,Mumbai,Road,Cereals,5,5,10217
03-10-2021,03-16-2021,03-16-2021,ZCP,Customer C,Pune,Plant 2,Mumbai,Road,Fruits,4,4,10218
03-29-2021,04-07-2021,04-07-2021,ZOR,Customer C,Pune,Plant 3,Bangalore,Road,Eggs,20,20,10219
01-09-2021,01-17-2021,01-17-2021,ZCP,Customer C,Pune,Plant 2,Mumbai,Road,Baby Care,10,10,10220
03-28-2021,04-04-2021,04-04-2021,ZSAM,Customer C,Pune,Plant 1,Delhi,Road,Baby Care,10,10,10221
01-25-2021,01-31-2021,01-31-2021,ZCP,Customer A,Delhi,Plant 2,Mumbai,Road,Hygiene,12,12,10222
02-08-2021,02-17-2021,02-16-2021,ZAM,Customer A,Delhi,Plant 3,Bangalore,Road,Food grains,30,30,10223
01-21-2021,01-24-2021,01-24-2021,ZSAM,Customer A,Delhi,Plant 4,Chennai,Road,Cereals,10,10,10224
02-11-2021,02-14-2021,02-14-2021,ZAM,Customer A,Delhi,Plant 2,Mumbai,Air,Eggs,12,12,10225
01-08-2021,01-14-2021,01-14-2021,ZCP,Customer C,Pune,Plant 3,Bangalore,Road,Eggs,20,20,10226
01-19-2021,01-20-2021,01-20-2021,ZCP,Customer B,Mumbai,Plant 2,Mumbai,Road,Pet Care,12,12,10227
02-02-2021,02-03-2021,02-03-2021,ZOR,Customer B,Mumbai,Plant 2,Mumbai,Road,Baby Care,5,5,10228
03-23-2021,03-31-2021,03-31-2021,ZSAM,Customer D,Bangalore,Plant 2,Mumbai,Rail,Dairy,2,2,10229
01-30-2021,02-02-2021,02-02-2021,ZOR,Customer C,Pune,Plant 3,Bangalore,Road,Cold drinks,5,5,10230
03-04-2021,03-11-2021,03-11-2021,ZSAM,Customer A,Delhi,Plant 4,Chennai,Road,Cold drinks,30,30,10231
02-01-2021,02-06-2021,02-05-2021,ZCP,Customer B,Mumbai,Plant 2,Mumbai,Road,Dairy,12,12,10232
02-16-2021,02-23-2021,02-23-2021,ZSAM,Customer C,Pune,Plant 4,Chennai,Road,Hygiene,10,10,10233
02-21-2021,03-01-2021,02-28-2021,ZCP,Customer B,Mumbai,Plant 1,Delhi,Air,Fruits,5,5,10234
02-13-2021,02-20-2021,02-20-2021,ZSAM,Customer D,Bangalore,Plant 4,Chennai,Road,Hygiene,2,2,10235
01-19-2021,01-25-2021,01-23-2021,ZSAM,Customer A,Delhi,Plant 2,Mumbai,Rail,Hygiene,5,5,10236
03-23-2021,03-25-2021,03-25-2021,ZCP,Customer B,Mumbai,Plant 3,Bangalore,Road,Cereals,15,15,10237
01-19-2021,01-28-2021,01-28-2021,ZCP,Customer B,Mumbai,Plant 3,Bangalore,Road,Hygiene,15,15,10238
02-17-2021,02-23-2021,02-23-2021,ZSAM,Customer C,Pune,Plant 3,Bangalore,Road,Hygiene,30,30,10239
02-08-2021,02-10-2021,02-10-2021,ZAM,Customer D,Bangalore,Plant 2,Mumbai,Rail,Dairy,30,30,10240
02-06-2021,02-10-2021,02-09-2021,ZSAM,Customer B,Mumbai,Plant 1,Delhi,Road,Eggs,2,2,10241
01-09-2021,01-14-2021,01-14-2021,ZCP,Customer B,Mumbai,Plant 2,Mumbai,Road,Pet Care,12,12,10242
03-30-2021,04-08-2021,04-08-2021,ZCP,Customer E,Hyderabad,Plant 3,Bangalore,Rail,Dairy,5,5,10243
03-31-2021,04-06-2021,04-06-2021,ZSAM,Customer F,Chennai,Plant 3,Bangalore,Road,Baby Care,12,12,10244
02-26-2021,03-02-2021,02-28-2021,ZSAM,Customer A,Delhi,Plant 4,Chennai,Road,Food grains,15,15,10245
02-02-2021,02-05-2021,02-05-2021,ZCP,Customer B,Mumbai,Plant 4,Chennai,Rail,Pet Care,12,12,10246
01-07-2021,01-09-2021,01-09-2021,ZSAM,Customer B,Mumbai,Plant 1,Delhi,Rail,Hygiene,10,10,10247
02-24-2021,03-01-2021,03-01-2021,ZCP,Customer A,Delhi,Plant 4,Chennai,Rail,Pet Care,5,5,10248
01-19-2021,01-25-2021,01-25-2021,ZOR,Customer B,Mumbai,Plant 2,Mumbai,Air,Dairy,30,30,10249
01-02-2021,01-11-2021,01-11-2021,ZCP,Customer C,Pune,Plant 4,Chennai,Road,Hygiene,15,15,10250
03-20-2021,03-21-2021,03-20-2021,ZSAM,Customer F,Chennai,Plant 2,Mumbai,Road,Baby Care,12,12,10251
01-11-2021,01-15-2021,01-15-2021,ZAM,Customer E,Hyderabad,Plant 2,Mumbai,Rail,Hygiene,10,10,10252
01-08-2021,01-10-2021,01-07-2021,ZAM,Customer C,Pune,Plant 2,Mumbai,Road,Fruits,12,12,10253
03-27-2021,04-04-2021,04-02-2021,ZCP,Customer B,Mumbai,Plant 4,Chennai,Road,Vegetables,10,10,10254
01-04-2021,01-10-2021,01-09-2021,ZCP,Customer F,Chennai,Plant 4,Chennai,Road,Food grains,5,5,10255
03-14-2021,03-18-2021,03-17-2021,ZSAM,Customer C,Pune,Plant 3,Bangalore,Road,Dairy,12,12,10256
02-01-2021,02-07-2021,02-07-2021,ZCP,Customer C,Pune,Plant 2,Mumbai,Road,Fruits,30,30,10257
03-12-2021,03-21-2021,03-21-2021,ZCP,Customer A,Delhi,Plant 4,Chennai,Road,Cereals,12,12,10258
01-26-2021,02-02-2021,01-31-2021,ZAM,Customer B,Mumbai,Plant 3,Bangalore,Rail,Dairy,10,10,10259
03-10-2021,03-16-2021,03-16-2021,ZSAM,Customer A,Delhi,Plant 2,Mumbai,Rail,Hygiene,15,15,10260
03-16-2021,03-21-2021,03-21-2021,ZOR,Customer B,Mumbai,Plant 4,Chennai,Road,Baby Care,12,12,10261
03-23-2021,03-27-2021,03-27-2021,ZAM,Customer C,Pune,Plant 2,Mumbai,Road,Eggs,15,15,10262
01-10-2021,01-15-2021,01-13-2021,ZCP,Customer B,Mumbai,Plant 2,Mumbai,Road,Dairy,15,15,10263
03-15-2021,03-17-2021,03-17-2021,ZSAM,Customer B,Mumbai,Plant 4,Chennai,Air,Eggs,5,5,10264
03-29-2021,04-04-2021,04-04-2021,ZCP,Customer D,Bangalore,Plant 1,Delhi,Road,Dairy,30,30,10265
01-05-2021,01-14-2021,01-13-2021,ZCP,Customer E,Hyderabad,Plant 3,Bangalore,Road,Food grains,12,12,10266
03-16-2021,03-20-2021,03-20-2021,ZOR,Customer C,Pune,Plant 2,Mumbai,Road,Cold drinks,10,10,10267
02-15-2021,02-18-2021,02-18-2021,ZSAM,Customer D,Bangalore,Plant 3,Bangalore,Road,Cereals,12,12,10268
01-24-2021,01-30-2021,01-28-2021,ZSAM,Customer D,Bangalore,Plant 2,Mumbai,Road,Dairy,12,12,10269
02-23-2021,03-02-2021,03-02-2021,ZSAM,Customer C,Pune,Plant 4,Chennai,Road,Dairy,12,12,10270
03-25-2021,03-27-2021,03-27-2021,ZSAM,Customer B,Mumbai,Plant 3,Bangalore,Road,Hygiene,12,12,10271
03-27-2021,03-28-2021,03-28-2021,ZCP,Customer A,Delhi,Plant 4,Chennai,Road,Dairy,10,10,10272
01-16-2021,01-21-2021,01-19-2021,ZAM,Customer D,Bangalore,Plant 2,Mumbai,Road,Dairy,10,10,10273
01-29-2021,02-04-2021,02-02-2021,ZAM,Customer B,Mumbai,Plant 4,Chennai,Rail,Dairy,2,2,10274
02-25-2021,02-26-2021,02-25-2021,ZCP,Customer C,Pune,Plant 2,Mumbai,Rail,Vegetables,4,4,10275
02-24-2021,02-28-2021,02-28-2021,ZSAM,Customer C,Pune,Plant 2,Mumbai,Rail,Cereals,4,4,10276
03-16-2021,03-19-2021,03-18-2021,ZAM,Customer C,Pune,Plant 3,Bangalore,Rail,Dairy,15,15,10277
03-13-2021,03-19-2021,03-19-2021,ZSAM,Customer A,Delhi,Plant 3,Bangalore,Road,Dairy,2,2,10278
03-26-2021,04-04-2021,04-04-2021,ZAM,Customer A,Delhi,Plant 3,Bangalore,Road,Fruits,12,12,10279
03-19-2021,03-23-2021,03-22-2021,ZCP,Customer C,Pune,Plant 2,Mumbai,Road,Dairy,2,2,10280
03-22-2021,03-27-2021,03-27-2021,ZAM,Customer D,Bangalore,Plant 4,Chennai,Road,Baby Care,4,4,10281
01-05-2021,01-07-2021,01-07-2021,ZOR,Customer B,Mumbai,Plant 3,Bangalore,Road,Dairy,20,20,10282
03-19-2021,03-27-2021,03-27-2021,ZCP,Customer D,Bangalore,Plant 3,Bangalore,Road,Vegetables,15,15,10283
02-15-2021,02-18-2021,02-18-2021,ZCP,Customer A,Delhi,Plant 2,Mumbai,Road,Cereals,15,15,10284
03-26-2021,04-01-2021,03-31-2021,ZSAM,Customer C,Pune,Plant 3,Bangalore,Rail,Eggs,30,30,10285
02-26-2021,02-28-2021,02-28-2021,ZAM,Customer C,Pune,Plant 2,Mumbai,Road,Dairy,20,20,10286
03-21-2021,03-25-2021,03-24-2021,ZCP,Customer F,Chennai,Plant 2,Mumbai,Rail,Cereals,2,2,10287
02-16-2021,02-23-2021,02-23-2021,ZCP,Customer B,Mumbai,Plant 1,Delhi,Road,Food grains,12,12,10288
02-21-2021,02-21-2021,02-21-2021,ZSAM,Customer F,Chennai,Plant 3,Bangalore,Road,Dairy,30,30,10289
02-23-2021,02-25-2021,02-25-2021,ZCP,Customer D,Bangalore,Plant 3,Bangalore,Rail,Dairy,10,10,10290
01-14-2021,01-20-2021,01-20-2021,ZAM,Customer C,Pune,Plant 2,Mumbai,Road,Cereals,15,15,10291
01-26-2021,01-29-2021,01-29-2021,ZAM,Customer A,Delhi,Plant 4,Chennai,Road,Cereals,4,4,10292
03-04-2021,03-07-2021,03-07-2021,ZAM,Customer C,Pune,Plant 3,Bangalore,Road,Dairy,12,12,10293
03-10-2021,03-12-2021,03-12-2021,ZAM,Customer C,Pune,Plant 4,Chennai,Rail,Pet Care,20,20,10294
01-30-2021,02-06-2021,02-06-2021,ZCP,Customer D,Bangalore,Plant 3,Bangalore,Rail,Cold drinks,5,5,10295
02-25-2021,03-05-2021,03-05-2021,ZSAM,Customer C,Pune,Plant 2,Mumbai,Road,Hygiene,20,20,10296
01-21-2021,01-27-2021,01-27-2021,ZSAM,Customer B,Mumbai,Plant 3,Bangalore,Road,Eggs,12,12,10297
01-11-2021,01-18-2021,01-18-2021,ZAM,Customer A,Delhi,Plant 4,Chennai,Road,Vegetables,15,15,10298
03-13-2021,03-18-2021,03-18-2021,ZSAM,Customer C,Pune,Plant 2,Mumbai,Rail,Hygiene,30,30,10299
03-22-2021,03-31-2021,03-31-2021,ZAM,Customer C,Pune,Plant 3,Bangalore,Road,Cereals,30,30,10300
03-17-2021,03-18-2021,03-18-2021,ZSAM,Customer E,Hyderabad,Plant 2,Mumbai,Road,Hygiene,20,20,10301
01-13-2021,01-15-2021,01-15-2021,ZOR,Customer D,Bangalore,Plant 3,Bangalore,Road,Cereals,30,30,10302
01-05-2021,01-10-2021,01-08-2021,ZSAM,Customer A,Delhi,Plant 2,Mumbai,Rail,Hygiene,12,12,10303
02-23-2021,03-02-2021,03-02-2021,ZSAM,Customer C,Pune,Plant 2,Mumbai,Road,Hygiene,15,15,10304
01-29-2021,02-01-2021,02-01-2021,ZSAM,Customer B,Mumbai,Plant 2,Mumbai,Rail,Eggs,20,20,10305
02-01-2021,02-10-2021,02-10-2021,ZAM,Customer B,Mumbai,Plant 3,Bangalore,Road,Dairy,15,15,10306
03-02-2021,03-09-2021,03-08-2021,ZOR,Customer B,Mumbai,Plant 4,Chennai,Road,Vegetables,2,2,10307
03-18-2021,03-27-2021,03-27-2021,ZCP,Customer A,Delhi,Plant 1,Delhi,Road,Cereals,12,12,10308
02-28-2021,03-07-2021,03-05-2021,ZOR,Customer D,Bangalore,Plant 3,Bangalore,Rail,Hygiene,20,20,10309
03-13-2021,03-18-2021,03-15-2021,ZCP,Customer D,Bangalore,Plant 2,Mumbai,Road,Dairy,30,30,10310
03-26-2021,03-27-2021,03-25-2021,ZAM,Customer E,Hyderabad,Plant 2,Mumbai,Rail,Eggs,15,15,10311
03-21-2021,03-27-2021,03-27-2021,ZAM,Customer C,Pune,Plant 2,Mumbai,Road,Cereals,4,4,10312
03-11-2021,03-13-2021,03-13-2021,ZSAM,Customer C,Pune,Plant 1,Delhi,Road,Dairy,12,12,10313
02-01-2021,02-05-2021,02-04-2021,ZAM,Customer C,Pune,Plant 4,Chennai,Rail,Food grains,15,15,10314
03-28-2021,03-29-2021,03-29-2021,ZSAM,Customer A,Delhi,Plant 3,Bangalore,Air,Baby Care,20,20,10315
03-14-2021,03-18-2021,03-18-2021,ZAM,Customer F,Chennai,Plant 1,Delhi,Road,Cereals,2,2,10316
03-16-2021,03-20-2021,03-18-2021,ZSAM,Customer B,Mumbai,Plant 2,Mumbai,Road,Cereals,12,12,10317
02-12-2021,02-21-2021,02-21-2021,ZSAM,Customer C,Pune,Plant 2,Mumbai,Road,Baby Care,2,2,10318
01-20-2021,01-29-2021,01-28-2021,ZSAM,Customer A,Delhi,Plant 2,Mumbai,Rail,Dairy,10,10,10319
02-12-2021,02-19-2021,02-19-2021,ZSAM,Customer A,Delhi,Plant 2,Mumbai,Road,Dairy,10,10,10320
03-30-2021,04-01-2021,04-01-2021,ZAM,Customer C,Pune,Plant 4,Chennai,Road,Cereals,12,12,10321
01-30-2021,01-31-2021,01-28-2021,ZAM,Customer F,Chennai,Plant 2,Mumbai,Road,Dairy,15,15,10322
01-06-2021,01-13-2021,01-13-2021,ZSAM,Customer F,Chennai,Plant 4,Chennai,Air,Hygiene,20,20,10323
01-04-2021,01-11-2021,01-11-2021,ZSAM,Customer C,Pune,Plant 3,Bangalore,Rail,Cold drinks,12,12,10324
01-17-2021,01-24-2021,01-24-2021,ZSAM,Customer D,Bangalore,Plant 3,Bangalore,Road,Hygiene,4,4,10325
03-06-2021,03-14-2021,03-14-2021,ZAM,Customer C,Pune,Plant 4,Chennai,Road,Hygiene,10,10,10326
02-15-2021,02-19-2021,02-18-2021,ZCP,Customer D,Bangalore,Plant 4,Chennai,Road,Cereals,15,15,10327
02-21-2021,02-24-2021,02-21-2021,ZCP,Customer F,Chennai,Plant 1,Delhi,Road,Hygiene,15,15,10328
03-27-2021,03-27-2021,03-27-2021,ZOR,Customer B,Mumbai,Plant 4,Chennai,Road,Hygiene,10,10,10329
03-25-2021,03-25-2021,03-23-2021,ZAM,Customer D,Bangalore,Plant 4,Chennai,Road,Dairy,2,2,10330
03-13-2021,03-14-2021,03-14-2021,ZAM,Customer A,Delhi,Plant 3,Bangalore,Road,Dairy,2,2,10331
03-02-2021,03-02-2021,02-28-2021,ZSAM,Customer D,Bangalore,Plant 4,Chennai,Rail,Cereals,20,20,10332
03-27-2021,04-04-2021,04-04-2021,ZCP,Customer D,Bangalore,Plant 3,Bangalore,Rail,Fruits,30,30,10333
02-09-2021,02-15-2021,02-13-2021,ZSAM,Customer E,Hyderabad,Plant 3,Bangalore,Road,Cold drinks,2,2,10334
02-28-2021,03-01-2021,03-01-2021,ZCP,Customer B,Mumbai,Plant 3,Bangalore,Rail,Eggs,12,12,10335
01-29-2021,02-06-2021,02-04-2021,ZCP,Customer D,Bangalore,Plant 3,Bangalore,Rail,Baby Care,2,2,10336
01-15-2021,01-22-2021,01-22-2021,ZAM,Customer C,Pune,Plant 4,Chennai,Rail,Cold drinks,12,12,10337
02-10-2021,02-10-2021,02-10-2021,ZCP,Customer A,Delhi,Plant 1,Delhi,Road,Cereals,2,2,10338
01-20-2021,01-26-2021,01-26-2021,ZAM,Customer A,Delhi,Plant 3,Bangalore,Road,Baby Care,12,12,10339
02-03-2021,02-11-2021,02-11-2021,ZCP,Customer C,Pune,Plant 1,Delhi,Rail,Vegetables,30,30,10340
02-17-2021,02-24-2021,02-24-2021,ZCP,Customer C,Pune,Plant 3,Bangalore,Road,Eggs,20,20,10341
02-15-2021,02-22-2021,02-22-2021,ZCP,Customer B,Mumbai,Plant 3,Bangalore,Road,Dairy,4,4,10342
01-11-2021,01-16-2021,01-15-2021,ZSAM,Customer D,Bangalore,Plant 1,Delhi,Road,Dairy,12,12,10343
01-04-2021,01-11-2021,01-09-2021,ZCP,Customer D,Bangalore,Plant 3,Bangalore,Road,Baby Care,30,30,10344
02-17-2021,02-17-2021,02-17-2021,ZCP,Customer C,Pune,Plant 2,Mumbai,Rail,Eggs,4,4,10345
03-10-2021,03-18-2021,03-18-2021,ZSAM,Customer E,Hyderabad,Plant 3,Bangalore,Rail,Vegetables,4,4,10346
01-02-2021,01-02-2021,01-01-2021,ZAM,Customer D,Bangalore,Plant 3,Bangalore,Air,Food grains,12,12,10347
03-24-2021,03-28-2021,03-28-2021,ZSAM,Customer A,Delhi,Plant 3,Bangalore,Rail,Hygiene,2,2,10348
01-27-2021,02-04-2021,02-04-2021,ZSAM,Customer D,Bangalore,Plant 3,Bangalore,Road,Food grains,15,15,10349
01-11-2021,01-17-2021,01-17-2021,ZCP,Customer C,Pune,Plant 4,Chennai,Rail,Dairy,12,12,10350
02-26-2021,02-27-2021,02-27-2021,ZSAM,Customer D,Bangalore,Plant 3,Bangalore,Road,Vegetables,4,4,10351
03-13-2021,03-19-2021,03-19-2021,ZCP,Customer C,Pune,Plant 1,Delhi,Road,Hygiene,4,4,10352
02-18-2021,02-22-2021,02-22-2021,ZAM,Customer C,Pune,Plant 3,Bangalore,Road,Dairy,30,30,10353
03-21-2021,03-26-2021,03-25-2021,ZCP,Customer D,Bangalore,Plant 1,Delhi,Road,Hygiene,4,4,10354
02-03-2021,02-04-2021,02-02-2021,ZOR,Customer A,Delhi,Plant 4,Chennai,Road,Eggs,5,5,10355
03-04-2021,03-04-2021,03-03-2021,ZCP,Customer A,Delhi,Plant 3,Bangalore,Air,Cold drinks,5,5,10356
03-02-2021,03-03-2021,03-03-2021,ZAM,Customer F,Chennai,Plant 4,Chennai,Road,Eggs,10,10,10357
03-29-2021,04-07-2021,04-07-2021,ZCP,Customer D,Bangalore,Plant 3,Bangalore,Road,Fruits,12,12,10358
03-15-2021,03-20-2021,03-19-2021,ZCP,Customer F,Chennai,Plant 4,Chennai,Road,Food grains,12,12,10359
02-17-2021,02-23-2021,02-23-2021,ZSAM,Customer C,Pune,Plant 3,Bangalore,Air,Dairy,30,30,10360
03-25-2021,03-28-2021,03-28-2021,ZCP,Customer C,Pune,Plant 2,Mumbai,Road,Hygiene,12,12,10361
03-26-2021,03-26-2021,03-26-2021,ZCP,Customer A,Delhi,Plant 3,Bangalore,Rail,Dairy,30,30,10362
03-31-2021,04-02-2021,04-01-2021,ZCP,Customer D,Bangalore,Plant 4,Chennai,Road,Eggs,12,12,10363
02-18-2021,02-22-2021,02-22-2021,ZCP,Customer C,Pune,Plant 2,Mumbai,Road,Cereals,5,5,10364
03-29-2021,04-07-2021,04-06-2021,ZSAM,Customer D,Bangalore,Plant 2,Mumbai,Road,Baby Care,30,30,10365
03-09-2021,03-14-2021,03-14-2021,ZCP,Customer B,Mumbai,Plant 4,Chennai,Road,Cereals,30,30,10366
03-26-2021,03-26-2021,03-26-2021,ZSAM,Customer E,Hyderabad,Plant 1,Delhi,Road,Hygiene,20,20,10367
01-15-2021,01-22-2021,01-19-2021,ZAM,Customer C,Pune,Plant 3,Bangalore,Rail,Baby Care,10,10,10368
02-25-2021,03-01-2021,02-28-2021,ZSAM,Customer C,Pune,Plant 2,Mumbai,Rail,Pet Care,12,12,10369
02-11-2021,02-19-2021,02-17-2021,ZAM,Customer C,Pune,Plant 4,Chennai,Road,Fruits,12,12,10370
03-28-2021,03-31-2021,03-31-2021,ZAM,Customer F,Chennai,Plant 3,Bangalore,Air,Eggs,5,5,10371
03-25-2021,03-30-2021,03-28-2021,ZSAM,Customer A,Delhi,Plant 3,Bangalore,Road,Dairy,12,12,10372
03-15-2021,03-19-2021,03-16-2021,ZCP,Customer B,Mumbai,Plant 2,Mumbai,Rail,Food grains,20,20,10373
03-24-2021,03-27-2021,03-27-2021,ZOR,Customer E,Hyderabad,Plant 2,Mumbai,Rail,Cereals,20,20,10374
03-21-2021,03-29-2021,03-28-2021,ZOR,Customer C,Pune,Plant 3,Bangalore,Road,Cereals,20,20,10375
01-26-2021,02-04-2021,02-04-2021,ZCP,Customer C,Pune,Plant 2,Mumbai,Air,Cold drinks,10,10,10376
01-31-2021,02-01-2021,02-01-2021,ZSAM,Customer F,Chennai,Plant 2,Mumbai,Rail,Cereals,15,15,10377
03-27-2021,03-28-2021,03-27-2021,ZOR,Customer C,Pune,Plant 4,Chennai,Road,Hygiene,4,4,10378
02-25-2021,02-28-2021,02-28-2021,ZCP,Customer D,Bangalore,Plant 4,Chennai,Road,Hygiene,20,20,10379
01-04-2021,01-13-2021,01-13-2021,ZSAM,Customer D,Bangalore,Plant 4,Chennai,Road,Vegetables,2,2,10380
02-02-2021,02-06-2021,02-03-2021,ZCP,Customer F,Chennai,Plant 3,Bangalore,Rail,Cold drinks,15,15,10381
01-20-2021,01-26-2021,01-26-2021,ZCP,Customer C,Pune,Plant 1,Delhi,Road,Baby Care,10,10,10382
02-13-2021,02-17-2021,02-17-2021,ZOR,Customer C,Pune,Plant 3,Bangalore,Rail,Eggs,10,10,10383
03-26-2021,03-30-2021,03-28-2021,ZAM,Customer B,Mumbai,Plant 3,Bangalore,Road,Vegetables,5,5,10384
02-18-2021,02-19-2021,02-19-2021,ZSAM,Customer A,Delhi,Plant 3,Bangalore,Air,Cereals,12,12,10385
02-09-2021,02-15-2021,02-15-2021,ZAM,Customer C,Pune,Plant 1,Delhi,Rail,Cereals,20,20,10386
03-02-2021,03-05-2021,03-05-2021,ZCP,Customer E,Hyderabad,Plant 3,Bangalore,Road,Eggs,20,20,10387
01-10-2021,01-17-2021,01-16-2021,ZOR,Customer D,Bangalore,Plant 2,Mumbai,Road,Cereals,15,15,10388
02-23-2021,03-01-2021,03-01-2021,ZCP,Customer B,Mumbai,Plant 4,Chennai,Road,Baby Care,15,15,10389
03-17-2021,03-19-2021,03-19-2021,ZCP,Customer D,Bangalore,Plant 3,Bangalore,Road,Dairy,12,12,10390
02-19-2021,02-28-2021,02-28-2021,ZSAM,Customer B,Mumbai,Plant 1,Delhi,Rail,Food grains,5,5,10391
03-07-2021,03-14-2021,03-13-2021,ZOR,Customer B,Mumbai,Plant 2,Mumbai,Road,Vegetables,12,12,10392
01-26-2021,02-04-2021,02-02-2021,ZCP,Customer D,Bangalore,Plant 3,Bangalore,Road,Baby Care,4,4,10393
02-11-2021,02-15-2021,02-15-2021,ZAM,Customer E,Hyderabad,Plant 3,Bangalore,Road,Eggs,2,2,10394
01-14-2021,01-22-2021,01-22-2021,ZCP,Customer E,Hyderabad,Plant 2,Mumbai,Road,Food grains,2,2,10395
03-09-2021,03-10-2021,03-10-2021,ZCP,Customer C,Pune,Plant 3,Bangalore,Road,Cereals,12,12,10396
02-23-2021,03-04-2021,03-04-2021,ZSAM,Customer B,Mumbai,Plant 3,Bangalore,Road,Cold drinks,20,20,10397
03-05-2021,03-08-2021,03-05-2021,ZCP,Customer F,Chennai,Plant 2,Mumbai,Air,Hygiene,15,15,10398
03-23-2021,04-01-2021,04-01-2021,ZOR,Customer D,Bangalore,Plant 2,Mumbai,Road,Dairy,30,30,10399
01-21-2021,01-22-2021,01-22-2021,ZCP,Customer B,Mumbai,Plant 4,Chennai,Road,Dairy,12,12,10400
02-27-2021,03-01-2021,03-01-2021,ZCP,Customer E,Hyderabad,Plant 2,Mumbai,Rail,Cereals,5,5,10401
03-11-2021,03-16-2021,03-16-2021,ZOR,Customer B,Mumbai,Plant 4,Chennai,Road,Vegetables,12,12,10402
03-20-2021,03-21-2021,03-20-2021,ZSAM,Customer D,Bangalore,Plant 3,Bangalore,Road,Dairy,2,2,10403
03-08-2021,03-15-2021,03-15-2021,ZOR,Customer A,Delhi,Plant 4,Chennai,Road,Cereals,2,2,10404
03-24-2021,03-29-2021,03-29-2021,ZSAM,Customer C,Pune,Plant 2,Mumbai,Road,Dairy,12,12,10405
02-12-2021,02-13-2021,02-13-2021,ZSAM,Customer A,Delhi,Plant 4,Chennai,Road,Eggs,10,10,10406
03-20-2021,03-23-2021,03-21-2021,ZAM,Customer C,Pune,Plant 3,Bangalore,Road,Dairy,4,4,10407
01-04-2021,01-13-2021,01-12-2021,ZOR,Customer C,Pune,Plant 3,Bangalore,Rail,Hygiene,2,2,10408
01-31-2021,02-08-2021,02-08-2021,ZCP,Customer C,Pune,Plant 4,Chennai,Air,Cold drinks,12,12,10409
02-05-2021,02-11-2021,02-11-2021,ZCP,Customer D,Bangalore,Plant 1,Delhi,Road,Cold drinks,15,15,10410
02-16-2021,02-22-2021,02-19-2021,ZAM,Customer B,Mumbai,Plant 2,Mumbai,Air,Cold drinks,10,10,10411
03-19-2021,03-19-2021,03-19-2021,ZAM,Customer B,Mumbai,Plant 2,Mumbai,Road,Dairy,4,4,10412
01-21-2021,01-24-2021,01-24-2021,ZSAM,Customer D,Bangalore,Plant 4,Chennai,Rail,Cereals,4,4,10413
03-10-2021,03-19-2021,03-19-2021,ZSAM,Customer B,Mumbai,Plant 3,Bangalore,Rail,Eggs,2,2,10414
02-09-2021,02-11-2021,02-10-2021,ZSAM,Customer A,Delhi,Plant 2,Mumbai,Road,Dairy,4,4,10415
03-06-2021,03-10-2021,03-10-2021,ZSAM,Customer A,Delhi,Plant 2,Mumbai,Road,Baby Care,15,15,10416
01-25-2021,01-28-2021,01-28-2021,ZOR,Customer A,Delhi,Plant 4,Chennai,Rail,Baby Care,20,20,10417
03-16-2021,03-16-2021,03-15-2021,ZOR,Customer E,Hyderabad,Plant 2,Mumbai,Air,Eggs,15,15,10418
03-21-2021,03-27-2021,03-26-2021,ZSAM,Customer A,Delhi,Plant 3,Bangalore,Air,Hygiene,4,4,10419
03-11-2021,03-19-2021,03-19-2021,ZAM,Customer C,Pune,Plant 2,Mumbai,Road,Baby Care,20,20,10420
01-27-2021,01-30-2021,01-30-2021,ZCP,Customer D,Bangalore,Plant 3,Bangalore,Road,Baby Care,4,4,10421
03-11-2021,03-18-2021,03-16-2021,ZSAM,Customer A,Delhi,Plant 2,Mumbai,Road,Dairy,5,5,10422
01-25-2021,01-26-2021,01-26-2021,ZAM,Customer D,Bangalore,Plant 3,Bangalore,Rail,Dairy,2,2,10423
01-29-2021,02-06-2021,02-06-2021,ZAM,Customer D,Bangalore,Plant 3,Bangalore,Rail,Dairy,2,2,10424
03-30-2021,04-07-2021,04-07-2021,ZAM,Customer D,Bangalore,Plant 3,Bangalore,Rail,Baby Care,4,4,10425
02-07-2021,02-09-2021,02-09-2021,ZAM,Customer D,Bangalore,Plant 3,Bangalore,Air,Eggs,12,12,10426
01-17-2021,01-22-2021,01-20-2021,ZCP,Customer C,Pune,Plant 2,Mumbai,Road,Cereals,30,30,10427
01-19-2021,01-19-2021,01-19-2021,ZSAM,Customer C,Pune,Plant 1,Delhi,Rail,Dairy,20,20,10428
01-25-2021,01-31-2021,01-31-2021,ZSAM,Customer B,Mumbai,Plant 3,Bangalore,Rail,Dairy,5,5,10429
02-01-2021,02-06-2021,02-03-2021,ZAM,Customer D,Bangalore,Plant 4,Chennai,Road,Food grains,10,10,10430
02-14-2021,02-17-2021,02-17-2021,ZOR,Customer A,Delhi,Plant 3,Bangalore,Rail,Dairy,10,10,10431
01-12-2021,01-13-2021,01-13-2021,ZAM,Customer E,Hyderabad,Plant 4,Chennai,Rail,Dairy,5,5,10432
02-17-2021,02-18-2021,02-15-2021,ZSAM,Customer F,Chennai,Plant 1,Delhi,Road,Cereals,30,30,10433
02-07-2021,02-13-2021,02-13-2021,ZAM,Customer F,Chennai,Plant 2,Mumbai,Road,Baby Care,20,20,10434
02-22-2021,02-26-2021,02-24-2021,ZCP,Customer F,Chennai,Plant 1,Delhi,Rail,Pet Care,4,4,10435
03-08-2021,03-09-2021,03-08-2021,ZSAM,Customer B,Mumbai,Plant 1,Delhi,Road,Eggs,10,10,10436
01-12-2021,01-21-2021,01-19-2021,ZSAM,Customer B,Mumbai,Plant 2,Mumbai,Road,Cold drinks,20,20,10437
01-04-2021,01-12-2021,01-11-2021,ZSAM,Customer E,Hyderabad,Plant 2,Mumbai,Air,Vegetables,12,12,10438
03-01-2021,03-05-2021,03-03-2021,ZCP,Customer E,Hyderabad,Plant 4,Chennai,Rail,Dairy,12,12,10439
01-30-2021,02-02-2021,02-02-2021,ZOR,Customer C,Pune,Plant 3,Bangalore,Road,Cereals,12,12,10440
01-30-2021,02-03-2021,02-03-2021,ZCP,Customer B,Mumbai,Plant 4,Chennai,Road,Eggs,20,20,10441
03-04-2021,03-04-2021,03-04-2021,ZAM,Customer C,Pune,Plant 2,Mumbai,Road,Pet Care,12,12,10442
03-12-2021,03-13-2021,03-13-2021,ZCP,Customer C,Pune,Plant 2,Mumbai,Air,Baby Care,10,10,10443
02-27-2021,03-08-2021,03-08-2021,ZSAM,Customer D,Bangalore,Plant 4,Chennai,Road,Cereals,15,15,10444
01-11-2021,01-15-2021,01-15-2021,ZAM,Customer B,Mumbai,Plant 1,Delhi,Road,Vegetables,4,4,10445
01-26-2021,02-02-2021,02-02-2021,ZCP,Customer C,Pune,Plant 2,Mumbai,Rail,Dairy,4,4,10446
03-03-2021,03-04-2021,03-01-2021,ZCP,Customer D,Bangalore,Plant 3,Bangalore,Rail,Eggs,2,2,10447
01-30-2021,02-04-2021,02-04-2021,ZSAM,Customer D,Bangalore,Plant 2,Mumbai,Road,Vegetables,10,10,10448
01-29-2021,02-05-2021,02-04-2021,ZSAM,Customer B,Mumbai,Plant 4,Chennai,Rail,Eggs,12,12,10449
02-19-2021,02-21-2021,02-20-2021,ZSAM,Customer C,Pune,Plant 4,Chennai,Road,Hygiene,20,20,10450
02-28-2021,03-03-2021,03-03-2021,ZAM,Customer A,Delhi,Plant 3,Bangalore,Road,Hygiene,4,4,10451
02-07-2021,02-14-2021,02-13-2021,ZSAM,Customer F,Chennai,Plant 1,Delhi,Road,Baby Care,12,12,10452
03-15-2021,03-20-2021,03-20-2021,ZAM,Customer B,Mumbai,Plant 2,Mumbai,Road,Cold drinks,20,20,10453
02-14-2021,02-20-2021,02-20-2021,ZOR,Customer D,Bangalore,Plant 1,Delhi,Road,Cold drinks,4,4,10454
02-08-2021,02-15-2021,02-15-2021,ZAM,Customer E,Hyderabad,Plant 2,Mumbai,Road,Vegetables,2,2,10455
01-09-2021,01-11-2021,01-11-2021,ZSAM,Customer D,Bangalore,Plant 1,Delhi,Road,Pet Care,15,15,10456
03-18-2021,03-26-2021,03-26-2021,ZCP,Customer B,Mumbai,Plant 1,Delhi,Road,Vegetables,4,4,10457
01-19-2021,01-26-2021,01-26-2021,ZSAM,Customer D,Bangalore,Plant 3,Bangalore,Rail,Eggs,12,12,10458
03-14-2021,03-14-2021,03-13-2021,ZSAM,Customer B,Mumbai,Plant 2,Mumbai,Road,Baby Care,12,12,10459
02-02-2021,02-04-2021,02-04-2021,ZSAM,Customer C,Pune,Plant 3,Bangalore,Road,Hygiene,12,12,10460
02-05-2021,02-12-2021,02-12-2021,ZSAM,Customer D,Bangalore,Plant 4,Chennai,Road,Hygiene,10,10,10461
01-22-2021,01-22-2021,01-21-2021,ZCP,Customer F,Chennai,Plant 4,Chennai,Road,Dairy,12,12,10462
02-01-2021,02-05-2021,02-05-2021,ZAM,Customer C,Pune,Plant 2,Mumbai,Road,Eggs,15,15,10463
01-06-2021,01-13-2021,01-13-2021,ZAM,Customer D,Bangalore,Plant 4,Chennai,Road,Cereals,12,12,10464
02-25-2021,02-28-2021,02-28-2021,ZOR,Customer C,Pune,Plant 3,Bangalore,Road,Dairy,2,2,10465
02-19-2021,02-19-2021,02-18-2021,ZCP,Customer A,Delhi,Plant 2,Mumbai,Road,Cereals,2,2,10466
02-25-2021,03-02-2021,03-02-2021,ZOR,Customer C,Pune,Plant 3,Bangalore,Rail,Pet Care,4,4,10467
03-28-2021,03-29-2021,03-29-2021,ZCP,Customer E,Hyderabad,Plant 2,Mumbai,Rail,Cereals,10,10,10468
03-12-2021,03-12-2021,03-12-2021,ZCP,Customer D,Bangalore,Plant 3,Bangalore,Road,Food grains,12,12,10469
01-15-2021,01-19-2021,01-19-2021,ZSAM,Customer B,Mumbai,Plant 2,Mumbai,Road,Baby Care,2,2,10470
01-05-2021,01-11-2021,01-11-2021,ZCP,Customer B,Mumbai,Plant 4,Chennai,Road,Cereals,12,12,10471
01-24-2021,02-02-2021,02-02-2021,ZCP,Customer D,Bangalore,Plant 1,Delhi,Road,Dairy,20,20,10472
03-02-2021,03-02-2021,03-02-2021,ZCP,Customer D,Bangalore,Plant 3,Bangalore,Road,Eggs,12,12,10473
02-03-2021,02-10-2021,02-10-2021,ZCP,Customer D,Bangalore,Plant 3,Bangalore,Road,Vegetables,20,20,10474
03-31-2021,04-07-2021,04-07-2021,ZSAM,Customer C,Pune,Plant 1,Delhi,Rail,Dairy,10,10,10475
02-14-2021,02-23-2021,02-21-2021,ZSAM,Customer C,Pune,Plant 4,Chennai,Road,Baby Care,10,10,10476
01-18-2021,01-27-2021,01-27-2021,ZSAM,Customer E,Hyderabad,Plant 1,Delhi,Road,Baby Care,2,2,10477
02-11-2021,02-16-2021,02-16-2021,ZCP,Customer F,Chennai,Plant 3,Bangalore,Air,Dairy,12,12,10478
03-21-2021,03-30-2021,03-29-2021,ZAM,Customer E,Hyderabad,Plant 4,Chennai,Road,Cereals,4,4,10479
03-03-2021,03-11-2021,03-08-2021,ZCP,Customer D,Bangalore,Plant 2,Mumbai,Road,Cold drinks,20,20,10480
01-13-2021,01-18-2021,01-18-2021,ZSAM,Customer B,Mumbai,Plant 2,Mumbai,Road,Dairy,15,15,10481
01-12-2021,01-20-2021,01-20-2021,ZAM,Customer D,Bangalore,Plant 3,Bangalore,Road,Eggs,10,10,10482
02-06-2021,02-12-2021,02-12-2021,ZSAM,Customer C,Pune,Plant 2,Mumbai,Road,Food grains,2,2,10483
03-17-2021,03-18-2021,03-17-2021,ZCP,Customer D,Bangalore,Plant 2,Mumbai,Road,Cold drinks,15,15,10484
03-15-2021,03-18-2021,03-18-2021,ZOR,Customer C,Pune,Plant 3,Bangalore,Air,Eggs,4,4,10485
02-12-2021,02-19-2021,02-19-2021,ZCP,Customer C,Pune,Plant 3,Bangalore,Rail,Hygiene,20,20,10486
03-06-2021,03-08-2021,03-08-2021,ZSAM,Customer A,Delhi,Plant 1,Delhi,Road,Baby Care,5,5,10487
01-10-2021,01-15-2021,01-14-2021,ZCP,Customer F,Chennai,Plant 2,Mumbai,Rail,Cold drinks,5,5,10488
02-18-2021,02-21-2021,02-21-2021,ZCP,Customer A,Delhi,Plant 4,Chennai,Rail,Cold drinks,10,10,10489
01-27-2021,02-02-2021,02-01-2021,ZOR,Customer E,Hyderabad,Plant 2,Mumbai,Road,Pet Care,2,2,10490
02-08-2021,02-11-2021,02-11-2021,ZSAM,Customer D,Bangalore,Plant 4,Chennai,Road,Dairy,2,2,10491
03-19-2021,03-25-2021,03-25-2021,ZSAM,Customer D,Bangalore,Plant 2,Mumbai,Road,Hygiene,5,5,10492
02-10-2021,02-16-2021,02-16-2021,ZCP,Customer C,Pune,Plant 2,Mumbai,Road,Hygiene,15,15,10493
03-03-2021,03-06-2021,03-06-2021,ZSAM,Customer F,Chennai,Plant 3,Bangalore,Rail,Hygiene,10,10,10494
02-10-2021,02-16-2021,02-16-2021,ZSAM,Customer D,Bangalore,Plant 1,Delhi,Road,Food grains,10,10,10495
02-07-2021,02-08-2021,02-08-2021,ZOR,Customer A,Delhi,Plant 3,Bangalore,Road,Pet Care,12,12,10496
02-26-2021,03-05-2021,03-03-2021,ZCP,Customer D,Bangalore,Plant 3,Bangalore,Rail,Dairy,15,15,10497
03-15-2021,03-21-2021,03-21-2021,ZOR,Customer C,Pune,Plant 3,Bangalore,Road,Vegetables,15,15,10498
03-28-2021,04-06-2021,04-04-2021,ZSAM,Customer B,Mumbai,Plant 3,Bangalore,Road,Eggs,15,15,10499
02-23-2021,03-01-2021,03-01-2021,ZSAM,Customer C,Pune,Plant 4,Chennai,Road,Cereals,20,20,10500
02-09-2021,02-17-2021,02-17-2021,ZCP,Customer F,Chennai,Plant 1,Delhi,Road,Dairy,4,4,10501
02-26-2021,02-28-2021,02-28-2021,ZAM,Customer E,Hyderabad,Plant 3,Bangalore,Road,Cereals,20,20,10502
01-07-2021,01-12-2021,01-12-2021,ZSAM,Customer C,Pune,Plant 2,Mumbai,Road,Hygiene,12,12,10503
02-06-2021,02-13-2021,02-13-2021,ZSAM,Customer E,Hyderabad,Plant 2,Mumbai,Road,Baby Care,30,30,10504
03-24-2021,03-27-2021,03-27-2021,ZCP,Customer B,Mumbai,Plant 3,Bangalore,Road,Cold drinks,2,2,10505
02-28-2021,03-07-2021,03-05-2021,ZCP,Customer E,Hyderabad,Plant 2,Mumbai,Road,Dairy,12,12,10506
02-14-2021,02-21-2021,02-20-2021,ZCP,Customer C,Pune,Plant 3,Bangalore,Road,Eggs,15,15,10507
01-24-2021,01-29-2021,01-27-2021,ZSAM,Customer B,Mumbai,Plant 4,Chennai,Rail,Dairy,4,4,10508
02-06-2021,02-06-2021,02-06-2021,ZSAM,Customer C,Pune,Plant 2,Mumbai,Road,Dairy,4,4,10509
03-08-2021,03-10-2021,03-10-2021,ZAM,Customer D,Bangalore,Plant 2,Mumbai,Rail,Hygiene,5,5,10510
01-18-2021,01-23-2021,01-23-2021,ZAM,Customer E,Hyderabad,Plant 2,Mumbai,Rail,Dairy,20,20,10511
01-26-2021,01-31-2021,01-31-2021,ZSAM,Customer C,Pune,Plant 4,Chennai,Road,Dairy,20,20,10512
03-02-2021,03-02-2021,03-02-2021,ZSAM,Customer C,Pune,Plant 1,Delhi,Air,Hygiene,2,2,10513
02-21-2021,02-22-2021,02-22-2021,ZSAM,Customer F,Chennai,Plant 3,Bangalore,Road,Cold drinks,4,4,10514
03-13-2021,03-14-2021,03-12-2021,ZAM,Customer E,Hyderabad,Plant 1,Delhi,Road,Vegetables,12,12,10515
03-12-2021,03-15-2021,03-15-2021,ZCP,Customer C,Pune,Plant 4,Chennai,Road,Pet Care,2,2,10516
01-28-2021,02-04-2021,02-03-2021,ZCP,Customer D,Bangalore,Plant 2,Mumbai,Rail,Baby Care,20,20,10517
03-23-2021,03-24-2021,03-24-2021,ZSAM,Customer C,Pune,Plant 3,Bangalore,Road,Vegetables,2,2,10518
03-08-2021,03-15-2021,03-14-2021,ZOR,Customer A,Delhi,Plant 3,Bangalore,Road,Baby Care,12,12,10519
03-27-2021,03-31-2021,03-31-2021,ZCP,Customer E,Hyderabad,Plant 2,Mumbai,Road,Eggs,4,4,10520
02-07-2021,02-15-2021,02-15-2021,ZOR,Customer A,Delhi,Plant 2,Mumbai,Road,Vegetables,20,20,10521
01-27-2021,02-03-2021,02-03-2021,ZAM,Customer A,Delhi,Plant 2,Mumbai,Road,Cold drinks,4,4,10522
01-13-2021,01-13-2021,01-13-2021,ZSAM,Customer E,Hyderabad,Plant 2,Mumbai,Rail,Hygiene,10,10,10523
03-15-2021,03-22-2021,03-22-2021,ZCP,Customer E,Hyderabad,Plant 3,Bangalore,Road,Dairy,4,4,10524
02-05-2021,02-11-2021,02-09-2021,ZOR,Customer B,Mumbai,Plant 2,Mumbai,Road,Cold drinks,12,12,10525
03-25-2021,03-30-2021,03-30-2021,ZSAM,Customer D,Bangalore,Plant 2,Mumbai,Road,Hygiene,15,15,10526
03-03-2021,03-07-2021,03-07-2021,ZCP,Customer B,Mumbai,Plant 3,Bangalore,Road,Cold drinks,12,12,10527
02-14-2021,02-22-2021,02-22-2021,ZCP,Customer D,Bangalore,Plant 2,Mumbai,Air,Baby Care,10,10,10528
02-27-2021,03-07-2021,03-07-2021,ZCP,Customer C,Pune,Plant 3,Bangalore,Road,Dairy,10,10,10529
03-08-2021,03-17-2021,03-17-2021,ZCP,Customer D,Bangalore,Plant 1,Delhi,Road,Baby Care,12,12,10530
03-03-2021,03-04-2021,03-04-2021,ZCP,Customer E,Hyderabad,Plant 3,Bangalore,Road,Hygiene,4,4,10531
03-20-2021,03-20-2021,03-19-2021,ZAM,Customer B,Mumbai,Plant 2,Mumbai,Road,Dairy,4,4,10532
02-17-2021,02-26-2021,02-26-2021,ZSAM,Customer C,Pune,Plant 3,Bangalore,Rail,Dairy,2,2,10533
01-14-2021,01-23-2021,01-23-2021,ZAM,Customer A,Delhi,Plant 2,Mumbai,Rail,Hygiene,4,4,10534
03-30-2021,03-31-2021,03-31-2021,ZAM,Customer A,Delhi,Plant 4,Chennai,Rail,Cereals,12,12,10535
03-31-2021,04-07-2021,04-07-2021,ZCP,Customer F,Chennai,Plant 2,Mumbai,Road,Cereals,20,20,10536
03-20-2021,03-20-2021,03-18-2021,ZAM,Customer A,Delhi,Plant 4,Chennai,Rail,Dairy,20,20,10537
03-21-2021,03-24-2021,03-24-2021,ZSAM,Customer D,Bangalore,Plant 3,Bangalore,Rail,Hygiene,30,30,10538
03-10-2021,03-11-2021,03-11-2021,ZOR,Customer C,Pune,Plant 3,Bangalore,Road,Hygiene,30,30,10539
02-24-2021,03-03-2021,03-03-2021,ZSAM,Customer D,Bangalore,Plant 2,Mumbai,Road,Pet Care,5,5,10540
02-16-2021,02-21-2021,02-21-2021,ZCP,Customer B,Mumbai,Plant 3,Bangalore,Road,Eggs,4,4,10541
01-08-2021,01-16-2021,01-15-2021,ZCP,Customer C,Pune,Plant 1,Delhi,Rail,Fruits,4,4,10542
03-02-2021,03-04-2021,03-03-2021,ZOR,Customer D,Bangalore,Plant 2,Mumbai,Road,Dairy,5,5,10543
03-11-2021,03-11-2021,03-11-2021,ZCP,Customer D,Bangalore,Plant 3,Bangalore,Road,Dairy,5,5,10544
03-26-2021,04-03-2021,04-01-2021,ZAM,Customer A,Delhi,Plant 2,Mumbai,Air,Fruits,2,2,10545
03-26-2021,04-03-2021,04-03-2021,ZAM,Customer C,Pune,Plant 3,Bangalore,Road,Cereals,12,12,10546
03-13-2021,03-14-2021,03-14-2021,ZCP,Customer E,Hyderabad,Plant 4,Chennai,Road,Cold drinks,12,12,10547
01-20-2021,01-20-2021,01-19-2021,ZAM,Customer E,Hyderabad,Plant 3,Bangalore,Rail,Pet Care,10,10,10548
01-21-2021,01-26-2021,01-26-2021,ZCP,Customer B,Mumbai,Plant 1,Delhi,Road,Dairy,15,15,10549
01-30-2021,02-05-2021,02-05-2021,ZCP,Customer C,Pune,Plant 2,Mumbai,Road,Cereals,2,2,10550
02-17-2021,02-24-2021,02-24-2021,ZCP,Customer F,Chennai,Plant 1,Delhi,Rail,Pet Care,2,2,10551
01-18-2021,01-22-2021,01-22-2021,ZCP,Customer B,Mumbai,Plant 3,Bangalore,Rail,Hygiene,12,12,10552
02-17-2021,02-21-2021,02-21-2021,ZAM,Customer A,Delhi,Plant 2,Mumbai,Rail,Dairy,20,20,10553
02-10-2021,02-17-2021,02-17-2021,ZSAM,Customer C,Pune,Plant 2,Mumbai,Rail,Hygiene,12,12,10554
02-04-2021,02-08-2021,02-08-2021,ZCP,Customer C,Pune,Plant 4,Chennai,Rail,Cold drinks,2,2,10555
02-17-2021,02-18-2021,02-18-2021,ZAM,Customer D,Bangalore,Plant 2,Mumbai,Road,Cold drinks,12,12,10556
01-14-2021,01-17-2021,01-17-2021,ZSAM,Customer B,Mumbai,Plant 3,Bangalore,Rail,Cold drinks,2,2,10557
01-12-2021,01-13-2021,01-13-2021,ZAM,Customer C,Pune,Plant 1,Delhi,Air,Eggs,20,20,10558
01-18-2021,01-22-2021,01-22-2021,ZCP,Customer F,Chennai,Plant 2,Mumbai,Road,Cold drinks,15,15,10559
01-12-2021,01-12-2021,01-12-2021,ZCP,Customer C,Pune,Plant 4,Chennai,Road,Cereals,10,10,10560
01-09-2021,01-16-2021,01-16-2021,ZSAM,Customer E,Hyderabad,Plant 2,Mumbai,Road,Cold drinks,12,12,10561
03-17-2021,03-19-2021,03-19-2021,ZAM,Customer F,Chennai,Plant 4,Chennai,Rail,Cereals,5,5,10562
02-25-2021,03-05-2021,03-04-2021,ZOR,Customer C,Pune,Plant 2,Mumbai,Road,Cereals,30,30,10563
01-26-2021,01-26-2021,01-24-2021,ZSAM,Customer D,Bangalore,Plant 2,Mumbai,Air,Eggs,10,10,10564
02-23-2021,03-03-2021,03-03-2021,ZOR,Customer C,Pune,Plant 1,Delhi,Road,Dairy,10,10,10565
03-17-2021,03-24-2021,03-23-2021,ZAM,Customer E,Hyderabad,Plant 2,Mumbai,Road,Cold drinks,4,4,10566
02-01-2021,02-08-2021,02-08-2021,ZCP,Customer A,Delhi,Plant 3,Bangalore,Road,Vegetables,10,10,10567
01-22-2021,01-24-2021,01-24-2021,ZCP,Customer E,Hyderabad,Plant 1,Delhi,Rail,Cereals,2,2,10568
01-15-2021,01-24-2021,01-24-2021,ZSAM,Customer D,Bangalore,Plant 1,Delhi,Road,Cereals,15,15,10569
03-06-2021,03-06-2021,03-06-2021,ZCP,Customer F,Chennai,Plant 2,Mumbai,Road,Dairy,30,30,10570
03-10-2021,03-18-2021,03-18-2021,ZSAM,Customer B,Mumbai,Plant 2,Mumbai,Rail,Vegetables,20,20,10571
02-10-2021,02-11-2021,02-08-2021,ZSAM,Customer B,Mumbai,Plant 2,Mumbai,Road,Cold drinks,5,5,10572
02-26-2021,03-01-2021,03-01-2021,ZSAM,Customer D,Bangalore,Plant 2,Mumbai,Road,Eggs,12,12,10573
03-19-2021,03-23-2021,03-20-2021,ZAM,Customer C,Pune,Plant 1,Delhi,Road,Fruits,20,20,10574
03-21-2021,03-21-2021,03-21-2021,ZCP,Customer D,Bangalore,Plant 2,Mumbai,Road,Eggs,4,4,10575
02-27-2021,03-04-2021,03-04-2021,ZCP,Customer F,Chennai,Plant 4,Chennai,Road,Cereals,15,15,10576
02-09-2021,02-12-2021,02-10-2021,ZAM,Customer C,Pune,Plant 3,Bangalore,Road,Cereals,2,2,10577
01-08-2021,01-15-2021,01-15-2021,ZCP,Customer D,Bangalore,Plant 1,Delhi,Road,Baby Care,5,5,10578
02-21-2021,02-26-2021,02-24-2021,ZCP,Customer C,Pune,Plant 4,Chennai,Rail,Dairy,20,20,10579
02-15-2021,02-16-2021,02-16-2021,ZCP,Customer C,Pune,Plant 2,Mumbai,Road,Hygiene,12,12,10580
01-08-2021,01-11-2021,01-11-2021,ZAM,Customer C,Pune,Plant 4,Chennai,Road,Food grains,12,12,10581
01-25-2021,01-28-2021,01-26-2021,ZAM,Customer F,Chennai,Plant 3,Bangalore,Rail,Cereals,12,12,10582
03-28-2021,04-06-2021,04-06-2021,ZSAM,Customer D,Bangalore,Plant 3,Bangalore,Road,Cereals,5,5,10583
01-24-2021,01-27-2021,01-27-2021,ZAM,Customer B,Mumbai,Plant 2,Mumbai,Rail,Eggs,12,12,10584
02-24-2021,02-25-2021,02-24-2021,ZCP,Customer C,Pune,Plant 2,Mumbai,Rail,Baby Care,12,12,10585
03-16-2021,03-19-2021,03-19-2021,ZCP,Customer D,Bangalore,Plant 2,Mumbai,Rail,Food grains,30,30,10586
02-14-2021,02-20-2021,02-20-2021,ZCP,Customer A,Delhi,Plant 3,Bangalore,Road,Hygiene,5,5,10587
03-23-2021,03-28-2021,03-28-2021,ZSAM,Customer D,Bangalore,Plant 4,Chennai,Rail,Baby Care,2,2,10588
03-29-2021,03-31-2021,03-31-2021,ZAM,Customer C,Pune,Plant 1,Delhi,Road,Eggs,12,12,10589
02-27-2021,03-01-2021,02-27-2021,ZAM,Customer C,Pune,Plant 4,Chennai,Rail,Dairy,10,10,10590
01-27-2021,01-28-2021,01-28-2021,ZOR,Customer D,Bangalore,Plant 4,Chennai,Road,Hygiene,30,30,10591
02-05-2021,02-10-2021,02-10-2021,ZCP,Customer D,Bangalore,Plant 1,Delhi,Road,Vegetables,12,12,10592
01-30-2021,02-06-2021,02-06-2021,ZCP,Customer A,Delhi,Plant 2,Mumbai,Road,Vegetables,12,12,10593
02-25-2021,02-25-2021,02-25-2021,ZCP,Customer C,Pune,Plant 3,Bangalore,Rail,Cereals,5,5,10594
01-10-2021,01-15-2021,01-15-2021,ZCP,Customer E,Hyderabad,Plant 4,Chennai,Rail,Dairy,5,5,10595
02-09-2021,02-18-2021,02-16-2021,ZSAM,Customer F,Chennai,Plant 3,Bangalore,Road,Eggs,20,20,10596
01-29-2021,02-05-2021,02-05-2021,ZAM,Customer B,Mumbai,Plant 3,Bangalore,Road,Dairy,12,12,10597
02-09-2021,02-12-2021,02-12-2021,ZSAM,Customer E,Hyderabad,Plant 3,Bangalore,Road,Eggs,15,15,10598
01-17-2021,01-25-2021,01-25-2021,ZCP,Customer B,Mumbai,Plant 2,Mumbai,Road,Eggs,4,4,10599
01-29-2021,02-01-2021,02-01-2021,ZSAM,Customer D,Bangalore,Plant 3,Bangalore,Road,Baby Care,10,10,10600
01-28-2021,02-04-2021,02-04-2021,ZSAM,Customer C,Pune,Plant 4,Chennai,Road,Food grains,12,12,10601
02-10-2021,02-16-2021,02-15-2021,ZCP,Customer F,Chennai,Plant 2,Mumbai,Rail,Food grains,12,12,10602
01-06-2021,01-06-2021,01-06-2021,ZOR,Customer D,Bangalore,Plant 4,Chennai,Road,Food grains,4,4,10603
03-12-2021,03-19-2021,03-19-2021,ZAM,Customer D,Bangalore,Plant 2,Mumbai,Rail,Cold drinks,12,12,10604
02-24-2021,02-28-2021,02-26-2021,ZSAM,Customer D,Bangalore,Plant 4,Chennai,Road,Dairy,4,4,10605
01-19-2021,01-22-2021,01-21-2021,ZCP,Customer F,Chennai,Plant 3,Bangalore,Rail,Pet Care,15,15,10606
01-25-2021,01-28-2021,01-28-2021,ZSAM,Customer B,Mumbai,Plant 4,Chennai,Air,Cereals,10,10,10607
03-07-2021,03-08-2021,03-08-2021,ZOR,Customer E,Hyderabad,Plant 2,Mumbai,Rail,Cereals,10,10,10608
02-24-2021,03-02-2021,03-02-2021,ZAM,Customer D,Bangalore,Plant 3,Bangalore,Rail,Dairy,5,5,10609
02-06-2021,02-13-2021,02-13-2021,ZAM,Customer B,Mumbai,Plant 3,Bangalore,Road,Hygiene,4,4,10610
03-24-2021,03-26-2021,03-26-2021,ZSAM,Customer A,Delhi,Plant 3,Bangalore,Rail,Dairy,4,4,10611
02-12-2021,02-21-2021,02-21-2021,ZCP,Customer A,Delhi,Plant 3,Bangalore,Road,Food grains,15,15,10612
03-02-2021,03-04-2021,03-04-2021,ZCP,Customer C,Pune,Plant 2,Mumbai,Rail,Cereals,12,12,10613
01-14-2021,01-17-2021,01-17-2021,ZSAM,Customer D,Bangalore,Plant 2,Mumbai,Road,Baby Care,30,30,10614
01-20-2021,01-24-2021,01-24-2021,ZSAM,Customer B,Mumbai,Plant 3,Bangalore,Road,Dairy,10,10,10615
02-12-2021,02-14-2021,02-14-2021,ZSAM,Customer D,Bangalore,Plant 3,Bangalore,Road,Dairy,5,5,10616
01-25-2021,02-03-2021,02-01-2021,ZAM,Customer A,Delhi,Plant 4,Chennai,Road,Hygiene,5,5,10617
01-26-2021,01-29-2021,01-29-2021,ZSAM,Customer F,Chennai,Plant 1,Delhi,Road,Hygiene,10,10,10618
01-10-2021,01-15-2021,01-15-2021,ZSAM,Customer C,Pune,Plant 3,Bangalore,Rail,Cold drinks,10,10,10619
01-31-2021,02-01-2021,02-01-2021,ZAM,Customer C,Pune,Plant 4,Chennai,Air,Fruits,5,5,10620
03-13-2021,03-18-2021,03-18-2021,ZSAM,Customer A,Delhi,Plant 2,Mumbai,Road,Cereals,2,2,10621
02-16-2021,02-25-2021,02-25-2021,ZCP,Customer C,Pune,Plant 3,Bangalore,Road,Dairy,10,10,10622
03-15-2021,03-17-2021,03-17-2021,ZCP,Customer C,Pune,Plant 3,Bangalore,Road,Cold drinks,2,2,10623
01-15-2021,01-18-2021,01-18-2021,ZSAM,Customer E,Hyderabad,Plant 3,Bangalore,Road,Eggs,2,2,10624
02-07-2021,02-08-2021,02-08-2021,ZSAM,Customer B,Mumbai,Plant 2,Mumbai,Rail,Dairy,30,30,10625
01-29-2021,02-01-2021,02-01-2021,ZAM,Customer F,Chennai,Plant 4,Chennai,Road,Hygiene,15,15,10626
03-04-2021,03-11-2021,03-11-2021,ZAM,Customer D,Bangalore,Plant 2,Mumbai,Rail,Hygiene,5,5,10627
01-21-2021,01-23-2021,01-23-2021,ZCP,Customer F,Chennai,Plant 2,Mumbai,Rail,Dairy,12,12,10628
03-01-2021,03-06-2021,03-04-2021,ZAM,Customer B,Mumbai,Plant 1,Delhi,Rail,Cereals,20,20,10629
03-26-2021,03-31-2021,03-31-2021,ZAM,Customer A,Delhi,Plant 4,Chennai,Rail,Vegetables,4,4,10630
02-24-2021,02-24-2021,02-24-2021,ZCP,Customer D,Bangalore,Plant 2,Mumbai,Rail,Dairy,2,2,10631
03-11-2021,03-17-2021,03-17-2021,ZCP,Customer B,Mumbai,Plant 2,Mumbai,Road,Pet Care,10,10,10632
03-03-2021,03-10-2021,03-10-2021,ZOR,Customer B,Mumbai,Plant 1,Delhi,Road,Dairy,12,12,10633
03-06-2021,03-07-2021,03-05-2021,ZAM,Customer D,Bangalore,Plant 4,Chennai,Road,Cold drinks,30,30,10634
02-01-2021,02-07-2021,02-07-2021,ZCP,Customer A,Delhi,Plant 3,Bangalore,Air,Fruits,12,12,10635
02-13-2021,02-20-2021,02-20-2021,ZCP,Customer D,Bangalore,Plant 4,Chennai,Rail,Baby Care,15,15,10636
03-15-2021,03-21-2021,03-18-2021,ZSAM,Customer C,Pune,Plant 4,Chennai,Road,Dairy,4,4,10637
03-10-2021,03-12-2021,03-12-2021,ZCP,Customer C,Pune,Plant 3,Bangalore,Road,Cereals,20,20,10638
03-05-2021,03-07-2021,03-07-2021,ZSAM,Customer E,Hyderabad,Plant 2,Mumbai,Road,Vegetables,12,12,10639
02-21-2021,02-22-2021,02-20-2021,ZCP,Customer B,Mumbai,Plant 1,Delhi,Road,Vegetables,12,12,10640
01-28-2021,01-30-2021,01-30-2021,ZSAM,Customer D,Bangalore,Plant 3,Bangalore,Road,Hygiene,10,10,10641
02-11-2021,02-14-2021,02-14-2021,ZCP,Customer D,Bangalore,Plant 1,Delhi,Rail,Pet Care,5,5,10642
01-02-2021,01-07-2021,01-07-2021,ZCP,Customer A,Delhi,Plant 3,Bangalore,Road,Food grains,10,10,10643
02-12-2021,02-17-2021,02-17-2021,ZSAM,Customer F,Chennai,Plant 2,Mumbai,Rail,Cold drinks,30,30,10644
02-25-2021,03-03-2021,03-03-2021,ZCP,Customer E,Hyderabad,Plant 3,Bangalore,Road,Food grains,5,5,10645
03-25-2021,04-01-2021,04-01-2021,ZCP,Customer E,Hyderabad,Plant 2,Mumbai,Rail,Eggs,30,30,10646
03-14-2021,03-19-2021,03-19-2021,ZCP,Customer A,Delhi,Plant 2,Mumbai,Road,Cereals,5,5,10647
02-04-2021,02-13-2021,02-13-2021,ZCP,Customer C,Pune,Plant 2,Mumbai,Rail,Dairy,20,20,10648
02-03-2021,02-12-2021,02-09-2021,ZCP,Customer D,Bangalore,Plant 3,Bangalore,Road,Dairy,4,4,10649
02-17-2021,02-23-2021,02-23-2021,ZSAM,Customer E,Hyderabad,Plant 3,Bangalore,Rail,Hygiene,4,4,10650
01-22-2021,01-28-2021,01-28-2021,ZSAM,Customer B,Mumbai,Plant 3,Bangalore,Rail,Hygiene,10,10,10651
01-29-2021,02-07-2021,02-06-2021,ZSAM,Customer A,Delhi,Plant 2,Mumbai,Road,Baby Care,12,12,10652
02-01-2021,02-04-2021,02-04-2021,ZOR,Customer E,Hyderabad,Plant 3,Bangalore,Rail,Pet Care,2,2,10653
02-28-2021,03-06-2021,03-06-2021,ZAM,Customer C,Pune,Plant 1,Delhi,Road,Baby Care,20,20,10654
02-17-2021,02-25-2021,02-23-2021,ZOR,Customer C,Pune,Plant 2,Mumbai,Rail,Dairy,10,10,10655
03-03-2021,03-08-2021,03-08-2021,ZOR,Customer B,Mumbai,Plant 3,Bangalore,Road,Cereals,12,12,10656
01-06-2021,01-10-2021,01-10-2021,ZAM,Customer B,Mumbai,Plant 2,Mumbai,Road,Vegetables,5,5,10657
03-20-2021,03-27-2021,03-27-2021,ZSAM,Customer F,Chennai,Plant 3,Bangalore,Road,Eggs,20,20,10658
02-02-2021,02-10-2021,02-10-2021,ZSAM,Customer C,Pune,Plant 4,Chennai,Road,Vegetables,4,4,10659
01-16-2021,01-19-2021,01-18-2021,ZAM,Customer D,Bangalore,Plant 2,Mumbai,Road,Dairy,30,30,10660
01-04-2021,01-11-2021,01-11-2021,ZSAM,Customer D,Bangalore,Plant 1,Delhi,Road,Food grains,2,2,10661
02-07-2021,02-14-2021,02-14-2021,ZCP,Customer B,Mumbai,Plant 3,Bangalore,Rail,Cereals,4,4,10662
03-24-2021,03-26-2021,03-26-2021,ZCP,Customer B,Mumbai,Plant 3,Bangalore,Rail,Dairy,20,20,10663
02-11-2021,02-13-2021,02-13-2021,ZSAM,Customer A,Delhi,Plant 3,Bangalore,Road,Dairy,20,20,10664
01-27-2021,01-28-2021,01-27-2021,ZCP,Customer B,Mumbai,Plant 4,Chennai,Road,Cereals,4,4,10665
03-03-2021,03-05-2021,03-04-2021,ZCP,Customer C,Pune,Plant 3,Bangalore,Road,Hygiene,10,10,10666
03-28-2021,03-31-2021,03-31-2021,ZCP,Customer B,Mumbai,Plant 2,Mumbai,Road,Pet Care,5,5,10667
02-23-2021,02-27-2021,02-27-2021,ZCP,Customer E,Hyderabad,Plant 2,Mumbai,Road,Cold drinks,10,10,10668
01-31-2021,02-09-2021,02-09-2021,ZCP,Customer F,Chennai,Plant 2,Mumbai,Road,Cereals,15,15,10669
03-24-2021,03-30-2021,03-30-2021,ZCP,Customer A,Delhi,Plant 2,Mumbai,Road,Hygiene,12,12,10670
03-15-2021,03-16-2021,03-16-2021,ZCP,Customer D,Bangalore,Plant 4,Chennai,Road,Food grains,12,12,10671
02-21-2021,02-23-2021,02-23-2021,ZCP,Customer C,Pune,Plant 2,Mumbai,Air,Eggs,20,20,10672
03-11-2021,03-20-2021,03-18-2021,ZCP,Customer A,Delhi,Plant 2,Mumbai,Rail,Cold drinks,12,12,10673
02-11-2021,02-14-2021,02-13-2021,ZSAM,Customer B,Mumbai,Plant 2,Mumbai,Road,Baby Care,30,30,10674
03-14-2021,03-19-2021,03-16-2021,ZAM,Customer B,Mumbai,Plant 3,Bangalore,Road,Hygiene,12,12,10675
02-05-2021,02-07-2021,02-07-2021,ZSAM,Customer D,Bangalore,Plant 1,Delhi,Rail,Hygiene,5,5,10676
03-31-2021,04-01-2021,03-30-2021,ZOR,Customer D,Bangalore,Plant 2,Mumbai,Road,Baby Care,12,12,10677
02-26-2021,03-06-2021,03-06-2021,ZSAM,Customer B,Mumbai,Plant 2,Mumbai,Road,Hygiene,12,12,10678
03-14-2021,03-21-2021,03-20-2021,ZSAM,Customer C,Pune,Plant 1,Delhi,Road,Baby Care,4,4,10679
02-09-2021,02-15-2021,02-15-2021,ZCP,Customer C,Pune,Plant 3,Bangalore,Rail,Eggs,2,2,10680
02-28-2021,03-04-2021,03-03-2021,ZSAM,Customer D,Bangalore,Plant 3,Bangalore,Road,Hygiene,5,5,10681
03-25-2021,03-27-2021,03-27-2021,ZAM,Customer D,Bangalore,Plant 1,Delhi,Rail,Cereals,5,5,10682
03-11-2021,03-12-2021,03-12-2021,ZCP,Customer C,Pune,Plant 2,Mumbai,Road,Dairy,10,10,10683
03-16-2021,03-18-2021,03-18-2021,ZSAM,Customer B,Mumbai,Plant 3,Bangalore,Road,Cereals,30,30,10684
02-07-2021,02-09-2021,02-09-2021,ZCP,Customer D,Bangalore,Plant 4,Chennai,Rail,Hygiene,5,5,10685
03-17-2021,03-21-2021,03-20-2021,ZOR,Customer C,Pune,Plant 4,Chennai,Air,Fruits,15,15,10686
03-10-2021,03-10-2021,03-10-2021,ZCP,Customer F,Chennai,Plant 3,Bangalore,Road,Baby Care,30,30,10687
03-06-2021,03-09-2021,03-08-2021,ZSAM,Customer A,Delhi,Plant 4,Chennai,Road,Eggs,5,5,10688
03-17-2021,03-22-2021,03-22-2021,ZCP,Customer D,Bangalore,Plant 4,Chennai,Road,Cereals,4,4,10689
01-15-2021,01-17-2021,01-17-2021,ZCP,Customer A,Delhi,Plant 3,Bangalore,Road,Hygiene,10,10,10690
01-24-2021,02-02-2021,02-02-2021,ZAM,Customer A,Delhi,Plant 2,Mumbai,Rail,Dairy,30,30,10691
02-19-2021,02-23-2021,02-21-2021,ZCP,Customer F,Chennai,Plant 1,Delhi,Road,Cold drinks,15,15,10692
02-20-2021,02-23-2021,02-22-2021,ZCP,Customer B,Mumbai,Plant 1,Delhi,Road,Cereals,5,5,10693
02-01-2021,02-04-2021,02-04-2021,ZOR,Customer F,Chennai,Plant 1,Delhi,Road,Cereals,12,12,10694
02-25-2021,02-27-2021,02-27-2021,ZAM,Customer A,Delhi,Plant 2,Mumbai,Road,Dairy,2,2,10695
03-02-2021,03-08-2021,03-05-2021,ZAM,Customer D,Bangalore,Plant 4,Chennai,Road,Hygiene,20,20,10696
02-24-2021,02-25-2021,02-25-2021,ZCP,Customer F,Chennai,Plant 2,Mumbai,Road,Hygiene,20,20,10697
01-17-2021,01-26-2021,01-26-2021,ZAM,Customer B,Mumbai,Plant 2,Mumbai,Road,Dairy,20,20,10698
02-27-2021,03-03-2021,03-02-2021,ZCP,Customer D,Bangalore,Plant 2,Mumbai,Road,Dairy,20,20,10699
03-06-2021,03-13-2021,03-12-2021,ZAM,Customer B,Mumbai,Plant 2,Mumbai,Road,Fruits,5,5,10700
03-08-2021,03-17-2021,03-19-2021,ZSAM,Customer B,Mumbai,Plant 4,Chennai,Rail,Cold drinks,17,12,10701
01-31-2021,02-07-2021,02-11-2021,ZSAM,Customer D,Bangalore,Plant 1,Delhi,Road,Baby Care,15,12,10702
03-01-2021,03-09-2021,03-10-2021,ZCP,Customer B,Mumbai,Plant 3,Bangalore,Road,Cereals,25,21,10703
03-10-2021,03-19-2021,03-21-2021,ZCP,Customer C,Pune,Plant 4,Chennai,Road,Cold drinks,15,12,10704
01-05-2021,01-14-2021,01-15-2021,ZAM,Customer B,Mumbai,Plant 1,Delhi,Rail,Food grains,35,33,10705
02-01-2021,02-06-2021,02-08-2021,ZOR,Customer D,Bangalore,Plant 3,Bangalore,Rail,Cereals,15,12,10706
02-16-2021,02-16-2021,02-18-2021,ZOR,Customer B,Mumbai,Plant 2,Mumbai,Road,Eggs,15,13,10707
03-01-2021,03-01-2021,03-03-2021,ZCP,Customer D,Bangalore,Plant 2,Mumbai,Road,Pet Care,15,10,10708
03-01-2021,03-04-2021,03-06-2021,ZSAM,Customer B,Mumbai,Plant 2,Mumbai,Rail,Dairy,17,15,10709
02-04-2021,02-12-2021,02-13-2021,ZCP,Customer B,Mumbai,Plant 1,Delhi,Rail,Dairy,35,31,10710
03-30-2021,03-31-2021,04-04-2021,ZCP,Customer B,Mumbai,Plant 3,Bangalore,Road,Cold drinks,35,33,10711
02-16-2021,02-16-2021,02-17-2021,ZSAM,Customer C,Pune,Plant 2,Mumbai,Rail,Hygiene,15,11,10712
01-19-2021,01-25-2021,01-27-2021,ZCP,Customer A,Delhi,Plant 4,Chennai,Road,Hygiene,28,24,10713
01-31-2021,02-04-2021,02-06-2021,ZCP,Customer B,Mumbai,Plant 2,Mumbai,Road,Vegetables,19,16,10714
03-11-2021,03-16-2021,03-20-2021,ZOR,Customer E,Hyderabad,Plant 3,Bangalore,Road,Cereals,35,30,10715
03-14-2021,03-16-2021,03-17-2021,ZSAM,Customer F,Chennai,Plant 3,Bangalore,Rail,Hygiene,25,22,10716
01-07-2021,01-13-2021,01-14-2021,ZCP,Customer D,Bangalore,Plant 3,Bangalore,Rail,Eggs,19,14,10717
03-14-2021,03-21-2021,03-25-2021,ZSAM,Customer D,Bangalore,Plant 1,Delhi,Road,Cold drinks,25,21,10718
03-20-2021,03-23-2021,03-25-2021,ZCP,Customer E,Hyderabad,Plant 2,Mumbai,Road,Pet Care,10,5,10719
01-08-2021,01-11-2021,01-13-2021,ZOR,Customer B,Mumbai,Plant 4,Chennai,Road,Pet Care,35,32,10720
03-01-2021,03-09-2021,03-10-2021,ZSAM,Customer B,Mumbai,Plant 4,Chennai,Road,Dairy,25,22,10721
02-21-2021,02-23-2021,02-24-2021,ZOR,Customer A,Delhi,Plant 4,Chennai,Road,Hygiene,28,24,10722
03-27-2021,03-28-2021,03-30-2021,ZOR,Customer D,Bangalore,Plant 3,Bangalore,Road,Hygiene,10,7,10723
02-02-2021,02-02-2021,02-06-2021,ZSAM,Customer B,Mumbai,Plant 3,Bangalore,Road,Dairy,19,15,10724
01-04-2021,01-13-2021,01-17-2021,ZOR,Customer F,Chennai,Plant 4,Chennai,Road,Cereals,15,11,10725
03-31-2021,04-06-2021,04-07-2021,ZAM,Customer B,Mumbai,Plant 3,Bangalore,Road,Eggs,19,16,10726
02-07-2021,02-12-2021,02-14-2021,ZCP,Customer F,Chennai,Plant 1,Delhi,Road,Cold drinks,19,14,10727
02-06-2021,02-08-2021,02-12-2021,ZOR,Customer F,Chennai,Plant 1,Delhi,Road,Dairy,28,23,10728
02-26-2021,03-06-2021,03-08-2021,ZOR,Customer C,Pune,Plant 4,Chennai,Road,Hygiene,28,24,10729
02-27-2021,03-01-2021,03-02-2021,ZOR,Customer F,Chennai,Plant 3,Bangalore,Air,Dairy,10,5,10730
02-28-2021,03-05-2021,03-06-2021,ZCP,Customer B,Mumbai,Plant 2,Mumbai,Road,Dairy,19,14,10731
02-01-2021,02-06-2021,02-08-2021,ZSAM,Customer B,Mumbai,Plant 4,Chennai,Road,Dairy,19,14,10732
03-01-2021,03-06-2021,03-08-2021,ZAM,Customer B,Mumbai,Plant 4,Chennai,Road,Food grains,15,12,10733
03-15-2021,03-22-2021,03-25-2021,ZAM,Customer F,Chennai,Plant 4,Chennai,Rail,Pet Care,15,10,10734
03-23-2021,03-28-2021,03-29-2021,ZOR,Customer B,Mumbai,Plant 4,Chennai,Rail,Cold drinks,19,15,10735
02-24-2021,03-01-2021,03-02-2021,ZSAM,Customer B,Mumbai,Plant 2,Mumbai,Road,Dairy,19,15,10736
03-22-2021,03-27-2021,03-31-2021,ZCP,Customer B,Mumbai,Plant 3,Bangalore,Rail,Hygiene,19,17,10737
02-24-2021,03-04-2021,03-08-2021,ZOR,Customer B,Mumbai,Plant 2,Mumbai,Road,Vegetables,35,32,10738
02-06-2021,02-08-2021,02-09-2021,ZAM,Customer A,Delhi,Plant 2,Mumbai,Road,Pet Care,28,23,10739
01-16-2021,01-20-2021,01-21-2021,ZCP,Customer B,Mumbai,Plant 4,Chennai,Road,Hygiene,25,22,10740
02-01-2021,02-01-2021,02-03-2021,ZAM,Customer B,Mumbai,Plant 1,Delhi,Air,Cereals,15,12,10741
03-29-2021,04-04-2021,04-05-2021,ZSAM,Customer B,Mumbai,Plant 3,Bangalore,Road,Cereals,17,12,10742
02-11-2021,02-11-2021,02-13-2021,ZSAM,Customer B,Mumbai,Plant 4,Chennai,Road,Dairy,15,10,10743
02-14-2021,02-20-2021,02-21-2021,ZCP,Customer F,Chennai,Plant 3,Bangalore,Road,Hygiene,25,20,10744
01-03-2021,01-12-2021,01-14-2021,ZAM,Customer A,Delhi,Plant 4,Chennai,Rail,Pet Care,28,24,10745
03-12-2021,03-16-2021,03-19-2021,ZCP,Customer F,Chennai,Plant 2,Mumbai,Rail,Vegetables,28,24,10746
03-04-2021,03-07-2021,03-11-2021,ZOR,Customer F,Chennai,Plant 1,Delhi,Road,Pet Care,25,23,10747
01-07-2021,01-16-2021,01-20-2021,ZOR,Customer A,Delhi,Plant 1,Delhi,Road,Cereals,25,20,10748
03-18-2021,03-20-2021,03-22-2021,ZSAM,Customer B,Mumbai,Plant 1,Delhi,Road,Baby Care,10,7,10749
02-19-2021,02-25-2021,02-26-2021,ZCP,Customer D,Bangalore,Plant 3,Bangalore,Road,Food grains,17,15,10750
01-25-2021,01-27-2021,01-31-2021,ZCP,Customer F,Chennai,Plant 4,Chennai,Road,Dairy,17,14,10751
03-17-2021,03-20-2021,03-22-2021,ZAM,Customer E,Hyderabad,Plant 3,Bangalore,Road,Dairy,15,10,10752
02-22-2021,02-24-2021,02-25-2021,ZSAM,Customer C,Pune,Plant 2,Mumbai,Road,Pet Care,17,12,10753
03-03-2021,03-03-2021,03-04-2021,ZSAM,Customer B,Mumbai,Plant 4,Chennai,Road,Pet Care,10,6,10754
03-16-2021,03-23-2021,03-27-2021,ZCP,Customer D,Bangalore,Plant 1,Delhi,Rail,Cold drinks,15,11,10755
02-19-2021,02-27-2021,02-28-2021,ZOR,Customer B,Mumbai,Plant 3,Bangalore,Road,Dairy,35,32,10756
03-15-2021,03-24-2021,03-25-2021,ZCP,Customer B,Mumbai,Plant 2,Mumbai,Rail,Pet Care,17,12,10757
02-21-2021,02-21-2021,02-22-2021,ZAM,Customer F,Chennai,Plant 1,Delhi,Rail,Dairy,28,24,10758
01-20-2021,01-28-2021,02-01-2021,ZCP,Customer D,Bangalore,Plant 1,Delhi,Air,Cereals,25,23,10759
03-24-2021,03-31-2021,04-02-2021,ZCP,Customer B,Mumbai,Plant 2,Mumbai,Rail,Dairy,15,11,10760
02-21-2021,02-23-2021,02-25-2021,ZOR,Customer C,Pune,Plant 3,Bangalore,Rail,Dairy,28,25,10761
03-27-2021,03-31-2021,04-01-2021,ZCP,Customer B,Mumbai,Plant 4,Chennai,Air,Cereals,10,7,10762
01-11-2021,01-12-2021,01-13-2021,ZOR,Customer E,Hyderabad,Plant 3,Bangalore,Road,Baby Care,15,10,10763
01-15-2021,01-19-2021,01-23-2021,ZOR,Customer B,Mumbai,Plant 3,Bangalore,Road,Cereals,28,24,10764
02-05-2021,02-10-2021,02-11-2021,ZCP,Customer A,Delhi,Plant 4,Chennai,Road,Dairy,17,14,10765
03-19-2021,03-24-2021,03-26-2021,ZOR,Customer B,Mumbai,Plant 3,Bangalore,Road,Cold drinks,19,16,10766
02-02-2021,02-07-2021,02-09-2021,ZOR,Customer E,Hyderabad,Plant 2,Mumbai,Road,Cereals,15,11,10767
03-14-2021,03-21-2021,03-23-2021,ZOR,Customer B,Mumbai,Plant 3,Bangalore,Road,Cereals,28,25,10768
02-03-2021,02-11-2021,02-13-2021,ZSAM,Customer B,Mumbai,Plant 3,Bangalore,Rail,Pet Care,15,12,10769
02-07-2021,02-11-2021,02-13-2021,ZSAM,Customer C,Pune,Plant 3,Bangalore,Road,Hygiene,25,20,10770
01-12-2021,01-13-2021,01-15-2021,ZCP,Customer D,Bangalore,Plant 3,Bangalore,Rail,Eggs,25,21,10771
01-07-2021,01-07-2021,01-09-2021,ZAM,Customer D,Bangalore,Plant 3,Bangalore,Road,Fruits,35,30,10772
03-02-2021,03-07-2021,03-08-2021,ZOR,Customer D,Bangalore,Plant 4,Chennai,Road,Eggs,15,11,10773
03-11-2021,03-11-2021,03-15-2021,ZSAM,Customer F,Chennai,Plant 3,Bangalore,Road,Pet Care,35,31,10774
01-19-2021,01-25-2021,01-27-2021,ZOR,Customer F,Chennai,Plant 4,Chennai,Air,Dairy,10,6,10775
01-20-2021,01-20-2021,01-21-2021,ZSAM,Customer B,Mumbai,Plant 3,Bangalore,Rail,Dairy,19,16,10776
02-28-2021,03-07-2021,03-11-2021,ZAM,Customer B,Mumbai,Plant 2,Mumbai,Road,Baby Care,15,13,10777
03-10-2021,03-13-2021,03-15-2021,ZAM,Customer F,Chennai,Plant 4,Chennai,Road,Vegetables,28,26,10778
02-15-2021,02-15-2021,02-17-2021,ZOR,Customer D,Bangalore,Plant 4,Chennai,Road,Dairy,25,23,10779
03-01-2021,03-09-2021,03-10-2021,ZOR,Customer D,Bangalore,Plant 4,Chennai,Rail,Cold drinks,19,16,10780
03-20-2021,03-24-2021,03-27-2021,ZAM,Customer E,Hyderabad,Plant 4,Chennai,Rail,Eggs,28,24,10781
01-12-2021,01-14-2021,01-15-2021,ZOR,Customer B,Mumbai,Plant 4,Chennai,Rail,Pet Care,17,13,10782
03-24-2021,03-28-2021,03-29-2021,ZOR,Customer E,Hyderabad,Plant 3,Bangalore,Road,Dairy,25,21,10783
02-10-2021,02-17-2021,02-21-2021,ZOR,Customer E,Hyderabad,Plant 3,Bangalore,Road,Cereals,15,10,10784
02-24-2021,02-25-2021,03-01-2021,ZCP,Customer B,Mumbai,Plant 2,Mumbai,Rail,Dairy,17,12,10785
03-08-2021,03-15-2021,03-16-2021,ZOR,Customer B,Mumbai,Plant 3,Bangalore,Air,Dairy,15,11,10786
03-10-2021,03-15-2021,03-16-2021,ZCP,Customer C,Pune,Plant 3,Bangalore,Road,Food grains,15,13,10787
01-11-2021,01-18-2021,01-19-2021,ZAM,Customer D,Bangalore,Plant 4,Chennai,Road,Vegetables,15,11,10788
02-19-2021,02-26-2021,02-28-2021,ZCP,Customer A,Delhi,Plant 4,Chennai,Road,Pet Care,35,30,10789
01-18-2021,01-21-2021,01-23-2021,ZCP,Customer A,Delhi,Plant 4,Chennai,Road,Cereals,10,5,10790
03-30-2021,04-02-2021,04-03-2021,ZOR,Customer C,Pune,Plant 4,Chennai,Rail,Dairy,19,17,10791
01-09-2021,01-17-2021,01-18-2021,ZOR,Customer A,Delhi,Plant 4,Chennai,Rail,Baby Care,25,22,10792
02-21-2021,02-23-2021,02-24-2021,ZSAM,Customer F,Chennai,Plant 3,Bangalore,Rail,Baby Care,10,8,10793
02-20-2021,02-25-2021,03-01-2021,ZOR,Customer A,Delhi,Plant 1,Delhi,Rail,Cereals,25,21,10794
02-06-2021,02-06-2021,02-07-2021,ZOR,Customer B,Mumbai,Plant 2,Mumbai,Rail,Baby Care,15,12,10795
01-06-2021,01-15-2021,01-17-2021,ZCP,Customer B,Mumbai,Plant 4,Chennai,Road,Dairy,28,26,10796
01-21-2021,01-29-2021,01-30-2021,ZAM,Customer E,Hyderabad,Plant 4,Chennai,Rail,Pet Care,25,20,10797
02-08-2021,02-11-2021,02-12-2021,ZOR,Customer F,Chennai,Plant 1,Delhi,Air,Dairy,19,14,10798
03-30-2021,04-02-2021,04-04-2021,ZOR,Customer D,Bangalore,Plant 3,Bangalore,Road,Hygiene,28,25,10799
02-08-2021,02-12-2021,02-13-2021,ZOR,Customer F,Chennai,Plant 2,Mumbai,Road,Fruits,10,5,10800
01-12-2021,01-18-2021,01-19-2021,ZCP,Customer A,Delhi,Plant 3,Bangalore,Rail,Dairy,17,15,10801
01-27-2021,01-29-2021,01-30-2021,ZSAM,Customer F,Chennai,Plant 4,Chennai,Rail,Hygiene,28,25,10802
01-08-2021,01-10-2021,01-11-2021,ZOR,Customer C,Pune,Plant 3,Bangalore,Road,Baby Care,25,22,10803
03-23-2021,03-26-2021,03-30-2021,ZCP,Customer C,Pune,Plant 3,Bangalore,Road,Pet Care,28,26,10804
03-26-2021,04-02-2021,04-04-2021,ZOR,Customer B,Mumbai,Plant 4,Chennai,Air,Cold drinks,15,11,10805
02-01-2021,02-02-2021,02-04-2021,ZOR,Customer F,Chennai,Plant 2,Mumbai,Air,Baby Care,28,26,10806
03-07-2021,03-07-2021,03-08-2021,ZCP,Customer B,Mumbai,Plant 3,Bangalore,Rail,Hygiene,19,16,10807
01-29-2021,01-31-2021,02-02-2021,ZCP,Customer D,Bangalore,Plant 3,Bangalore,Air,Dairy,28,26,10808
01-30-2021,01-31-2021,02-02-2021,ZOR,Customer B,Mumbai,Plant 4,Chennai,Road,Baby Care,15,12,10809
01-03-2021,01-04-2021,01-08-2021,ZOR,Customer D,Bangalore,Plant 1,Delhi,Rail,Cereals,15,10,10810
03-11-2021,03-20-2021,03-24-2021,ZSAM,Customer D,Bangalore,Plant 3,Bangalore,Road,Cereals,15,11,10811
03-17-2021,03-17-2021,03-19-2021,ZSAM,Customer B,Mumbai,Plant 3,Bangalore,Rail,Baby Care,10,5,10812
02-02-2021,02-06-2021,02-07-2021,ZOR,Customer B,Mumbai,Plant 3,Bangalore,Rail,Cereals,25,23,10813
02-06-2021,02-08-2021,02-09-2021,ZCP,Customer A,Delhi,Plant 2,Mumbai,Air,Cereals,17,14,10814
01-10-2021,01-10-2021,01-11-2021,ZCP,Customer A,Delhi,Plant 4,Chennai,Road,Eggs,17,14,10815
01-04-2021,01-10-2021,01-11-2021,ZSAM,Customer B,Mumbai,Plant 1,Delhi,Road,Dairy,17,14,10816
02-20-2021,02-27-2021,02-28-2021,ZOR,Customer C,Pune,Plant 3,Bangalore,Air,Dairy,25,23,10817
02-22-2021,02-28-2021,03-01-2021,ZSAM,Customer F,Chennai,Plant 3,Bangalore,Road,Baby Care,10,7,10818
02-25-2021,03-01-2021,03-02-2021,ZOR,Customer A,Delhi,Plant 2,Mumbai,Rail,Eggs,17,12,10819
03-27-2021,04-01-2021,04-05-2021,ZOR,Customer B,Mumbai,Plant 3,Bangalore,Air,Baby Care,15,10,10820
01-30-2021,02-05-2021,02-06-2021,ZCP,Customer B,Mumbai,Plant 1,Delhi,Road,Pet Care,28,23,10821
02-18-2021,02-19-2021,02-20-2021,ZSAM,Customer E,Hyderabad,Plant 2,Mumbai,Road,Hygiene,15,10,10822
01-27-2021,01-28-2021,02-01-2021,ZAM,Customer F,Chennai,Plant 3,Bangalore,Road,Hygiene,35,30,10823
03-02-2021,03-09-2021,03-10-2021,ZOR,Customer D,Bangalore,Plant 3,Bangalore,Road,Hygiene,19,17,10824
02-18-2021,02-20-2021,02-21-2021,ZSAM,Customer B,Mumbai,Plant 1,Delhi,Road,Cold drinks,17,14,10825
01-20-2021,01-20-2021,01-21-2021,ZCP,Customer F,Chennai,Plant 2,Mumbai,Road,Cereals,19,16,10826
02-04-2021,02-10-2021,02-11-2021,ZOR,Customer D,Bangalore,Plant 4,Chennai,Air,Dairy,10,8,10827
03-16-2021,03-19-2021,03-22-2021,ZOR,Customer F,Chennai,Plant 3,Bangalore,Road,Hygiene,10,7,10828
03-26-2021,03-26-2021,03-28-2021,ZCP,Customer B,Mumbai,Plant 1,Delhi,Road,Hygiene,15,10,10829
02-05-2021,02-11-2021,02-13-2021,ZOR,Customer C,Pune,Plant 4,Chennai,Road,Baby Care,19,16,10830
02-13-2021,02-17-2021,02-18-2021,ZSAM,Customer D,Bangalore,Plant 3,Bangalore,Road,Dairy,25,20,10831
01-06-2021,01-08-2021,01-09-2021,ZAM,Customer B,Mumbai,Plant 3,Bangalore,Road,Cold drinks,25,21,10832
01-03-2021,01-11-2021,01-12-2021,ZAM,Customer C,Pune,Plant 3,Bangalore,Rail,Pet Care,25,22,10833
02-15-2021,02-17-2021,02-19-2021,ZCP,Customer F,Chennai,Plant 4,Chennai,Road,Pet Care,35,33,10834
03-22-2021,03-25-2021,03-29-2021,ZOR,Customer B,Mumbai,Plant 3,Bangalore,Road,Dairy,19,14,10835
02-27-2021,03-01-2021,03-02-2021,ZCP,Customer D,Bangalore,Plant 3,Bangalore,Rail,Dairy,35,30,10836
01-05-2021,01-11-2021,01-12-2021,ZAM,Customer F,Chennai,Plant 3,Bangalore,Rail,Baby Care,25,20,10837
01-22-2021,01-23-2021,01-24-2021,ZSAM,Customer E,Hyderabad,Plant 4,Chennai,Rail,Food grains,25,20,10838
02-21-2021,02-26-2021,03-02-2021,ZCP,Customer A,Delhi,Plant 3,Bangalore,Rail,Baby Care,15,13,10839
02-16-2021,02-24-2021,02-25-2021,ZOR,Customer D,Bangalore,Plant 1,Delhi,Road,Pet Care,10,7,10840
02-27-2021,03-08-2021,03-09-2021,ZCP,Customer B,Mumbai,Plant 3,Bangalore,Road,Cereals,25,23,10841
01-23-2021,02-01-2021,02-02-2021,ZCP,Customer B,Mumbai,Plant 3,Bangalore,Rail,Pet Care,25,21,10842
01-12-2021,01-20-2021,01-24-2021,ZSAM,Customer D,Bangalore,Plant 2,Mumbai,Rail,Cold drinks,35,31,10843
03-19-2021,03-19-2021,03-20-2021,ZCP,Customer A,Delhi,Plant 3,Bangalore,Road,Food grains,28,24,10844
03-24-2021,03-28-2021,03-29-2021,ZSAM,Customer A,Delhi,Plant 4,Chennai,Road,Dairy,10,6,10845
01-11-2021,01-13-2021,01-17-2021,ZCP,Customer D,Bangalore,Plant 4,Chennai,Road,Dairy,35,30,10846
01-27-2021,02-02-2021,02-04-2021,ZCP,Customer F,Chennai,Plant 2,Mumbai,Rail,Fruits,25,21,10847
01-07-2021,01-09-2021,01-10-2021,ZCP,Customer E,Hyderabad,Plant 3,Bangalore,Road,Dairy,10,6,10848
03-13-2021,03-17-2021,03-18-2021,ZCP,Customer D,Bangalore,Plant 1,Delhi,Road,Food grains,28,26,10849
02-21-2021,03-01-2021,03-05-2021,ZSAM,Customer D,Bangalore,Plant 3,Bangalore,Rail,Cereals,25,20,10850
03-09-2021,03-18-2021,03-20-2021,ZCP,Customer B,Mumbai,Plant 3,Bangalore,Rail,Vegetables,10,7,10851
02-19-2021,02-21-2021,02-22-2021,ZOR,Customer B,Mumbai,Plant 3,Bangalore,Rail,Cereals,17,14,10852
03-25-2021,03-27-2021,03-28-2021,ZSAM,Customer F,Chennai,Plant 3,Bangalore,Road,Dairy,17,12,10853
01-29-2021,02-01-2021,02-02-2021,ZOR,Customer F,Chennai,Plant 4,Chennai,Road,Hygiene,25,21,10854
03-08-2021,03-12-2021,03-14-2021,ZSAM,Customer A,Delhi,Plant 3,Bangalore,Rail,Eggs,15,10,10855
02-04-2021,02-08-2021,02-09-2021,ZOR,Customer E,Hyderabad,Plant 1,Delhi,Air,Eggs,25,20,10856
01-21-2021,01-30-2021,02-03-2021,ZCP,Customer B,Mumbai,Plant 4,Chennai,Road,Hygiene,19,17,10857
01-17-2021,01-24-2021,01-26-2021,ZOR,Customer B,Mumbai,Plant 2,Mumbai,Rail,Dairy,28,25,10858
01-15-2021,01-20-2021,01-23-2021,ZCP,Customer C,Pune,Plant 3,Bangalore,Rail,Cold drinks,10,6,10859
02-24-2021,02-25-2021,02-26-2021,ZSAM,Customer A,Delhi,Plant 2,Mumbai,Rail,Cold drinks,35,32,10860
03-27-2021,04-04-2021,04-08-2021,ZCP,Customer E,Hyderabad,Plant 3,Bangalore,Road,Hygiene,15,12,10861
02-28-2021,03-04-2021,03-06-2021,ZOR,Customer B,Mumbai,Plant 4,Chennai,Road,Cold drinks,35,32,10862
02-02-2021,02-02-2021,02-04-2021,ZAM,Customer B,Mumbai,Plant 1,Delhi,Road,Cereals,19,16,10863
03-15-2021,03-22-2021,03-23-2021,ZOR,Customer E,Hyderabad,Plant 3,Bangalore,Road,Dairy,10,7,10864
03-10-2021,03-12-2021,03-14-2021,ZSAM,Customer A,Delhi,Plant 2,Mumbai,Road,Food grains,35,30,10865
03-16-2021,03-25-2021,03-29-2021,ZOR,Customer F,Chennai,Plant 4,Chennai,Air,Hygiene,15,10,10866
03-25-2021,03-31-2021,04-03-2021,ZOR,Customer B,Mumbai,Plant 2,Mumbai,Road,Hygiene,15,12,10867
02-13-2021,02-16-2021,02-20-2021,ZCP,Customer F,Chennai,Plant 4,Chennai,Air,Pet Care,17,13,10868
02-03-2021,02-03-2021,02-07-2021,ZCP,Customer D,Bangalore,Plant 3,Bangalore,Road,Cereals,25,22,10869
01-18-2021,01-25-2021,01-27-2021,ZOR,Customer D,Bangalore,Plant 3,Bangalore,Road,Cereals,17,13,10870
02-03-2021,02-08-2021,02-09-2021,ZCP,Customer A,Delhi,Plant 3,Bangalore,Road,Baby Care,19,16,10871
03-06-2021,03-14-2021,03-16-2021,ZCP,Customer A,Delhi,Plant 3,Bangalore,Rail,Vegetables,35,33,10872
02-05-2021,02-08-2021,02-12-2021,ZOR,Customer A,Delhi,Plant 4,Chennai,Road,Hygiene,25,23,10873
02-20-2021,02-27-2021,03-01-2021,ZCP,Customer D,Bangalore,Plant 3,Bangalore,Rail,Fruits,25,20,10874
03-26-2021,04-02-2021,04-03-2021,ZSAM,Customer D,Bangalore,Plant 3,Bangalore,Rail,Hygiene,10,5,10875
03-18-2021,03-23-2021,03-27-2021,ZOR,Customer F,Chennai,Plant 4,Chennai,Air,Cold drinks,28,26,10876
01-24-2021,01-26-2021,01-30-2021,ZOR,Customer F,Chennai,Plant 3,Bangalore,Road,Dairy,15,10,10877
01-28-2021,02-04-2021,02-05-2021,ZCP,Customer E,Hyderabad,Plant 3,Bangalore,Rail,Dairy,15,10,10878
03-27-2021,04-02-2021,04-04-2021,ZAM,Customer D,Bangalore,Plant 4,Chennai,Road,Food grains,28,25,10879
01-06-2021,01-08-2021,01-09-2021,ZCP,Customer B,Mumbai,Plant 2,Mumbai,Road,Food grains,19,17,10880
02-08-2021,02-14-2021,02-16-2021,ZAM,Customer F,Chennai,Plant 1,Delhi,Road,Cold drinks,25,20,10881
02-13-2021,02-18-2021,02-19-2021,ZOR,Customer B,Mumbai,Plant 3,Bangalore,Road,Food grains,15,10,10882
03-23-2021,04-01-2021,04-02-2021,ZSAM,Customer C,Pune,Plant 1,Delhi,Road,Fruits,15,12,10883
03-10-2021,03-17-2021,03-18-2021,ZSAM,Customer F,Chennai,Plant 1,Delhi,Road,Eggs,15,13,10884
01-20-2021,01-27-2021,01-31-2021,ZOR,Customer F,Chennai,Plant 1,Delhi,Road,Cold drinks,15,13,10885
03-02-2021,03-04-2021,03-06-2021,ZOR,Customer B,Mumbai,Plant 1,Delhi,Air,Cereals,35,31,10886
02-19-2021,02-20-2021,02-21-2021,ZOR,Customer B,Mumbai,Plant 4,Chennai,Road,Dairy,25,23,10887
03-30-2021,03-30-2021,03-31-2021,ZSAM,Customer D,Bangalore,Plant 4,Chennai,Air,Baby Care,25,21,10888
01-14-2021,01-21-2021,01-22-2021,ZSAM,Customer A,Delhi,Plant 4,Chennai,Road,Hygiene,15,12,10889
03-16-2021,03-18-2021,03-22-2021,ZCP,Customer E,Hyderabad,Plant 1,Delhi,Road,Fruits,19,16,10890
02-28-2021,03-08-2021,03-10-2021,ZCP,Customer F,Chennai,Plant 4,Chennai,Rail,Cold drinks,25,21,10891
03-19-2021,03-27-2021,03-29-2021,ZOR,Customer D,Bangalore,Plant 3,Bangalore,Air,Baby Care,10,5,10892
03-28-2021,04-05-2021,04-07-2021,ZSAM,Customer F,Chennai,Plant 1,Delhi,Road,Baby Care,25,21,10893
03-02-2021,03-09-2021,03-13-2021,ZAM,Customer B,Mumbai,Plant 1,Delhi,Rail,Cold drinks,17,13,10894
02-24-2021,02-26-2021,02-27-2021,ZSAM,Customer F,Chennai,Plant 4,Chennai,Road,Vegetables,10,5,10895
01-30-2021,02-08-2021,02-09-2021,ZOR,Customer E,Hyderabad,Plant 4,Chennai,Rail,Cereals,15,11,10896
02-20-2021,02-23-2021,02-24-2021,ZCP,Customer B,Mumbai,Plant 4,Chennai,Road,Dairy,15,13,10897
01-09-2021,01-10-2021,01-12-2021,ZCP,Customer C,Pune,Plant 3,Bangalore,Road,Fruits,17,15,10898
03-05-2021,03-10-2021,03-11-2021,ZCP,Customer A,Delhi,Plant 4,Chennai,Road,Pet Care,15,11,10899
03-12-2021,03-18-2021,03-22-2021,ZOR,Customer E,Hyderabad,Plant 1,Delhi,Road,Dairy,25,22,10900
03-09-2021,03-16-2021,03-18-2021,ZCP,Customer B,Mumbai,Plant 3,Bangalore,Road,Cereals,19,14,10901
01-19-2021,01-20-2021,01-22-2021,ZOR,Customer D,Bangalore,Plant 2,Mumbai,Air,Fruits,35,31,10902
01-13-2021,01-18-2021,01-21-2021,ZSAM,Customer F,Chennai,Plant 4,Chennai,Road,Hygiene,15,10,10903
01-08-2021,01-09-2021,01-13-2021,ZOR,Customer B,Mumbai,Plant 3,Bangalore,Road,Dairy,25,23,10904
01-31-2021,02-01-2021,02-02-2021,ZOR,Customer F,Chennai,Plant 4,Chennai,Rail,Dairy,10,5,10905
03-18-2021,03-18-2021,03-22-2021,ZCP,Customer B,Mumbai,Plant 2,Mumbai,Road,Pet Care,28,24,10906
01-29-2021,02-07-2021,02-08-2021,ZOR,Customer F,Chennai,Plant 4,Chennai,Road,Pet Care,15,10,10907
03-29-2021,04-03-2021,04-04-2021,ZCP,Customer D,Bangalore,Plant 2,Mumbai,Road,Pet Care,15,10,10908
02-28-2021,03-03-2021,03-04-2021,ZOR,Customer D,Bangalore,Plant 3,Bangalore,Road,Hygiene,15,13,10909
01-04-2021,01-10-2021,01-12-2021,ZOR,Customer B,Mumbai,Plant 4,Chennai,Road,Cereals,28,23,10910
02-28-2021,03-03-2021,03-04-2021,ZAM,Customer B,Mumbai,Plant 3,Bangalore,Road,Dairy,19,17,10911
03-09-2021,03-18-2021,03-19-2021,ZAM,Customer F,Chennai,Plant 3,Bangalore,Air,Cereals,25,20,10912
01-13-2021,01-18-2021,01-22-2021,ZSAM,Customer A,Delhi,Plant 3,Bangalore,Road,Cold drinks,25,23,10913
01-18-2021,01-20-2021,01-21-2021,ZAM,Customer F,Chennai,Plant 4,Chennai,Rail,Eggs,10,8,10914
03-21-2021,03-22-2021,03-24-2021,ZCP,Customer D,Bangalore,Plant 3,Bangalore,Air,Cold drinks,28,23,10915
03-23-2021,03-24-2021,03-26-2021,ZCP,Customer B,Mumbai,Plant 3,Bangalore,Road,Hygiene,17,13,10916
01-09-2021,01-14-2021,01-16-2021,ZOR,Customer F,Chennai,Plant 1,Delhi,Rail,Pet Care,17,12,10917
01-30-2021,01-30-2021,02-01-2021,ZCP,Customer B,Mumbai,Plant 4,Chennai,Rail,Vegetables,15,10,10918
02-25-2021,03-03-2021,03-07-2021,ZAM,Customer A,Delhi,Plant 2,Mumbai,Air,Cold drinks,10,7,10919
01-29-2021,02-06-2021,02-10-2021,ZCP,Customer E,Hyderabad,Plant 3,Bangalore,Rail,Dairy,19,17,10920
01-12-2021,01-12-2021,01-16-2021,ZCP,Customer F,Chennai,Plant 3,Bangalore,Road,Pet Care,25,21,10921
01-11-2021,01-18-2021,01-20-2021,ZOR,Customer F,Chennai,Plant 3,Bangalore,Road,Cereals,10,8,10922
03-28-2021,03-30-2021,04-03-2021,ZCP,Customer D,Bangalore,Plant 2,Mumbai,Road,Dairy,35,33,10923
02-23-2021,03-01-2021,03-03-2021,ZCP,Customer F,Chennai,Plant 1,Delhi,Rail,Pet Care,19,16,10924
03-28-2021,04-05-2021,04-06-2021,ZCP,Customer D,Bangalore,Plant 1,Delhi,Road,Hygiene,17,14,10925
01-17-2021,01-26-2021,01-29-2021,ZSAM,Customer D,Bangalore,Plant 4,Chennai,Rail,Hygiene,25,23,10926
03-03-2021,03-09-2021,03-11-2021,ZAM,Customer B,Mumbai,Plant 2,Mumbai,Air,Cold drinks,19,16,10927
01-08-2021,01-12-2021,01-13-2021,ZSAM,Customer B,Mumbai,Plant 2,Mumbai,Rail,Baby Care,35,32,10928
03-22-2021,03-30-2021,04-03-2021,ZCP,Customer E,Hyderabad,Plant 4,Chennai,Road,Eggs,15,13,10929
03-27-2021,03-27-2021,03-28-2021,ZAM,Customer F,Chennai,Plant 3,Bangalore,Road,Dairy,25,22,10930
01-05-2021,01-07-2021,01-08-2021,ZAM,Customer E,Hyderabad,Plant 2,Mumbai,Rail,Dairy,17,12,10931
02-14-2021,02-16-2021,02-17-2021,ZAM,Customer F,Chennai,Plant 1,Delhi,Road,Cold drinks,25,21,10932
03-09-2021,03-10-2021,03-11-2021,ZOR,Customer F,Chennai,Plant 2,Mumbai,Road,Dairy,25,20,10933
02-15-2021,02-21-2021,02-25-2021,ZOR,Customer A,Delhi,Plant 1,Delhi,Road,Cereals,17,14,10934
03-20-2021,03-28-2021,03-30-2021,ZSAM,Customer A,Delhi,Plant 1,Delhi,Road,Eggs,15,12,10935
03-13-2021,03-22-2021,03-23-2021,ZOR,Customer A,Delhi,Plant 4,Chennai,Road,Hygiene,35,33,10936
01-11-2021,01-11-2021,01-15-2021,ZSAM,Customer C,Pune,Plant 2,Mumbai,Rail,Dairy,19,16,10937
03-14-2021,03-15-2021,03-16-2021,ZOR,Customer B,Mumbai,Plant 3,Bangalore,Road,Pet Care,15,11,10938
02-06-2021,02-08-2021,02-09-2021,ZOR,Customer A,Delhi,Plant 3,Bangalore,Rail,Cereals,28,23,10939
01-30-2021,02-05-2021,02-07-2021,ZSAM,Customer D,Bangalore,Plant 3,Bangalore,Road,Dairy,15,13,10940
01-09-2021,01-14-2021,01-15-2021,ZOR,Customer F,Chennai,Plant 1,Delhi,Road,Cold drinks,35,33,10941
03-31-2021,03-31-2021,04-01-2021,ZCP,Customer A,Delhi,Plant 3,Bangalore,Road,Dairy,25,21,10942
03-04-2021,03-10-2021,03-12-2021,ZOR,Customer D,Bangalore,Plant 3,Bangalore,Rail,Eggs,15,10,10943
01-16-2021,01-17-2021,01-19-2021,ZAM,Customer B,Mumbai,Plant 4,Chennai,Rail,Pet Care,19,14,10944
01-22-2021,01-28-2021,01-29-2021,ZOR,Customer C,Pune,Plant 4,Chennai,Road,Cereals,35,31,10945
03-10-2021,03-18-2021,03-20-2021,ZAM,Customer C,Pune,Plant 3,Bangalore,Road,Baby Care,17,13,10946
02-05-2021,02-11-2021,02-12-2021,ZSAM,Customer C,Pune,Plant 2,Mumbai,Rail,Vegetables,28,26,10947
02-07-2021,02-09-2021,02-10-2021,ZAM,Customer C,Pune,Plant 4,Chennai,Road,Dairy,19,15,10948
01-20-2021,01-22-2021,01-24-2021,ZOR,Customer E,Hyderabad,Plant 2,Mumbai,Road,Fruits,25,20,10949
02-21-2021,03-02-2021,03-04-2021,ZCP,Customer A,Delhi,Plant 2,Mumbai,Air,Baby Care,28,24,10950
01-03-2021,01-06-2021,01-07-2021,ZOR,Customer D,Bangalore,Plant 2,Mumbai,Road,Pet Care,25,22,10951
01-18-2021,01-27-2021,01-31-2021,ZCP,Customer F,Chennai,Plant 3,Bangalore,Road,Pet Care,28,23,10952
01-24-2021,02-02-2021,02-04-2021,ZOR,Customer B,Mumbai,Plant 3,Bangalore,Rail,Cereals,15,12,10953
03-17-2021,03-24-2021,03-25-2021,ZOR,Customer B,Mumbai,Plant 2,Mumbai,Road,Dairy,15,13,10954
03-20-2021,03-22-2021,03-24-2021,ZOR,Customer D,Bangalore,Plant 1,Delhi,Rail,Eggs,15,10,10955
03-14-2021,03-19-2021,03-21-2021,ZOR,Customer C,Pune,Plant 2,Mumbai,Road,Cold drinks,35,32,10956
03-30-2021,04-05-2021,04-06-2021,ZCP,Customer A,Delhi,Plant 3,Bangalore,Rail,Dairy,25,20,10957
03-18-2021,03-25-2021,03-26-2021,ZCP,Customer B,Mumbai,Plant 3,Bangalore,Road,Cereals,10,6,10958
02-06-2021,02-11-2021,02-12-2021,ZCP,Customer A,Delhi,Plant 3,Bangalore,Rail,Dairy,10,7,10959
03-12-2021,03-13-2021,03-15-2021,ZSAM,Customer E,Hyderabad,Plant 4,Chennai,Road,Baby Care,10,7,10960
02-07-2021,02-10-2021,02-12-2021,ZOR,Customer D,Bangalore,Plant 4,Chennai,Rail,Cereals,17,13,10961
02-11-2021,02-14-2021,02-17-2021,ZOR,Customer A,Delhi,Plant 4,Chennai,Rail,Cold drinks,10,8,10962
02-04-2021,02-09-2021,02-10-2021,ZCP,Customer D,Bangalore,Plant 4,Chennai,Rail,Dairy,19,15,10963
03-09-2021,03-16-2021,03-20-2021,ZAM,Customer D,Bangalore,Plant 3,Bangalore,Road,Dairy,25,20,10964
01-22-2021,01-29-2021,01-30-2021,ZSAM,Customer A,Delhi,Plant 3,Bangalore,Rail,Dairy,25,20,10965
01-23-2021,01-26-2021,01-27-2021,ZOR,Customer F,Chennai,Plant 4,Chennai,Rail,Pet Care,25,22,10966
03-16-2021,03-24-2021,03-25-2021,ZOR,Customer B,Mumbai,Plant 4,Chennai,Road,Baby Care,28,26,10967
02-12-2021,02-21-2021,02-22-2021,ZSAM,Customer B,Mumbai,Plant 3,Bangalore,Road,Eggs,28,23,10968
02-28-2021,03-07-2021,03-09-2021,ZCP,Customer D,Bangalore,Plant 3,Bangalore,Rail,Food grains,28,24,10969
03-15-2021,03-23-2021,03-25-2021,ZSAM,Customer B,Mumbai,Plant 3,Bangalore,Road,Baby Care,28,25,10970
01-29-2021,01-30-2021,01-31-2021,ZOR,Customer B,Mumbai,Plant 3,Bangalore,Rail,Cold drinks,28,26,10971
02-24-2021,03-01-2021,03-02-2021,ZOR,Customer E,Hyderabad,Plant 3,Bangalore,Road,Dairy,15,13,10972
01-12-2021,01-15-2021,01-16-2021,ZSAM,Customer B,Mumbai,Plant 3,Bangalore,Air,Vegetables,25,21,10973
02-18-2021,02-26-2021,02-27-2021,ZSAM,Customer B,Mumbai,Plant 1,Delhi,Rail,Hygiene,28,26,10974
03-04-2021,03-12-2021,03-14-2021,ZAM,Customer D,Bangalore,Plant 1,Delhi,Road,Dairy,25,20,10975
02-06-2021,02-08-2021,02-12-2021,ZOR,Customer A,Delhi,Plant 3,Bangalore,Road,Pet Care,17,14,10976
01-18-2021,01-26-2021,01-30-2021,ZSAM,Customer C,Pune,Plant 2,Mumbai,Road,Hygiene,25,22,10977
03-20-2021,03-28-2021,03-30-2021,ZAM,Customer A,Delhi,Plant 3,Bangalore,Road,Cereals,19,17,10978
01-06-2021,01-07-2021,01-09-2021,ZOR,Customer B,Mumbai,Plant 4,Chennai,Rail,Fruits,15,12,10979
01-22-2021,01-27-2021,01-28-2021,ZSAM,Customer C,Pune,Plant 2,Mumbai,Air,Cold drinks,19,15,10980
02-04-2021,02-13-2021,02-14-2021,ZOR,Customer B,Mumbai,Plant 3,Bangalore,Rail,Hygiene,15,10,10981
03-30-2021,04-01-2021,04-03-2021,ZOR,Customer B,Mumbai,Plant 3,Bangalore,Road,Dairy,25,20,10982
02-16-2021,02-21-2021,02-23-2021,ZOR,Customer C,Pune,Plant 4,Chennai,Road,Cold drinks,10,7,10983
02-18-2021,02-19-2021,02-23-2021,ZAM,Customer F,Chennai,Plant 3,Bangalore,Road,Cereals,19,17,10984
03-06-2021,03-06-2021,03-07-2021,ZCP,Customer E,Hyderabad,Plant 4,Chennai,Air,Cold drinks,15,13,10985
01-05-2021,01-13-2021,01-14-2021,ZSAM,Customer B,Mumbai,Plant 2,Mumbai,Rail,Food grains,19,15,10986
01-07-2021,01-11-2021,01-13-2021,ZOR,Customer A,Delhi,Plant 3,Bangalore,Road,Cereals,25,23,10987
01-31-2021,02-02-2021,02-06-2021,ZOR,Customer B,Mumbai,Plant 3,Bangalore,Road,Hygiene,10,7,10988
02-07-2021,02-13-2021,02-14-2021,ZCP,Customer F,Chennai,Plant 4,Chennai,Road,Food grains,35,31,10989
02-20-2021,02-24-2021,02-26-2021,ZAM,Customer D,Bangalore,Plant 4,Chennai,Road,Cold drinks,15,13,10990
01-17-2021,01-21-2021,01-23-2021,ZCP,Customer B,Mumbai,Plant 4,Chennai,Road,Dairy,28,23,10991
02-16-2021,02-20-2021,02-24-2021,ZOR,Customer B,Mumbai,Plant 4,Chennai,Rail,Pet Care,15,11,10992
01-25-2021,01-25-2021,01-29-2021,ZOR,Customer D,Bangalore,Plant 1,Delhi,Road,Dairy,10,7,10993
02-13-2021,02-17-2021,02-19-2021,ZCP,Customer D,Bangalore,Plant 1,Delhi,Road,Vegetables,15,11,10994
01-06-2021,01-07-2021,01-09-2021,ZSAM,Customer F,Chennai,Plant 3,Bangalore,Road,Vegetables,28,25,10995
01-04-2021,01-05-2021,01-06-2021,ZOR,Customer D,Bangalore,Plant 1,Delhi,Air,Baby Care,10,5,10996
03-31-2021,04-04-2021,04-05-2021,ZSAM,Customer D,Bangalore,Plant 3,Bangalore,Rail,Dairy,28,23,10997
03-02-2021,03-09-2021,03-11-2021,ZAM,Customer A,Delhi,Plant 1,Delhi,Rail,Vegetables,15,12,10998
03-24-2021,03-24-2021,03-25-2021,ZOR,Customer D,Bangalore,Plant 3,Bangalore,Road,Cold drinks,35,32,10999
01-13-2021,01-17-2021,01-18-2021,ZCP,Customer A,Delhi,Plant 4,Chennai,Road,Cereals,19,17,11000
